,"('exp', 1, 0.9)","('exp', 1, 0.8)","('exp', 1, 0.7)","('exp', 1, 0.6)","('exp', 1, 0.5)","('exp', 2, 0.9)","('exp', 2, 0.8)","('exp', 2, 0.7)","('exp', 2, 0.6)","('exp', 2, 0.5)","('exp', 4, 0.9)","('exp', 4, 0.8)","('exp', 4, 0.7)","('exp', 4, 0.6)","('exp', 4, 0.5)","('deterministic', 1, 0.9)","('deterministic', 1, 0.8)","('deterministic', 1, 0.7)","('deterministic', 1, 0.6)","('deterministic', 1, 0.5)","('deterministic', 2, 0.9)","('deterministic', 2, 0.8)","('deterministic', 2, 0.7)","('deterministic', 2, 0.6)","('deterministic', 2, 0.5)","('deterministic', 4, 0.9)","('deterministic', 4, 0.8)","('deterministic', 4, 0.7)","('deterministic', 4, 0.6)","('deterministic', 4, 0.5)","('hyperexp', 1, 0.9)","('hyperexp', 1, 0.8)","('hyperexp', 1, 0.7)","('hyperexp', 1, 0.6)","('hyperexp', 1, 0.5)","('hyperexp', 2, 0.9)","('hyperexp', 2, 0.8)","('hyperexp', 2, 0.7)","('hyperexp', 2, 0.6)","('hyperexp', 2, 0.5)","('hyperexp', 4, 0.9)","('hyperexp', 4, 0.8)","('hyperexp', 4, 0.7)","('hyperexp', 4, 0.6)","('hyperexp', 4, 0.5)","('Priority', 1, 0.9)","('Priority', 1, 0.8)","('Priority', 1, 0.7)","('Priority', 1, 0.6)","('Priority', 1, 0.5)"
0,8.179016603308034,4.035939341474694,2.390924899026955,1.28163829734933,1.147337431351045,4.839089402947084,1.7296129706540084,0.915048465583685,0.5728559607788833,0.3947193844749928,1.8978626432444876,0.7646600687979385,0.3475414283464421,0.19187120022169535,0.06777453119602331,4.866425967118662,1.6766135854991642,1.200565718000977,0.7047159267458791,0.47745785585001466,2.2923835227537075,1.0289053070939067,0.4482016258724983,0.30989881565585575,0.1956660206100099,1.0040657106150126,0.39144778196231017,0.19204535548835966,0.10540359404864093,0.0468151903410372,2.738045258824572,1.5768075866421236,1.412402917427992,0.8952920320979108,0.6251481008575557,1.265718678011817,0.7317137593776861,0.45426131831369054,0.30444028512981103,0.20396681209536607,0.4781797541603351,0.28299674376584305,0.14528009593459576,0.06741892830373425,0.04032451701946397,3.691348063723718,1.7771584393694078,1.3116733773721765,1.1229424460241546,0.6349805929311862
1,11.890300092959555,5.2727500968172105,2.517314811920783,1.3586358740782767,1.0328569683211968,4.461496170354934,1.9854381626366095,0.8300270303783754,0.5882421913512287,0.3198011143570089,2.4207422843483672,0.7086529581062857,0.3453146351371554,0.18975076402218666,0.09415136360332357,4.446244491503748,1.9275187788922934,1.025041394428482,0.7209793741231186,0.4814585684347906,2.705609444527349,0.9174919596259771,0.4856588006981198,0.2984312505756064,0.1708918545770418,1.0489599031987107,0.39902263648811115,0.1948198151525997,0.09655872449833003,0.05221436245247522,2.4246554908557623,1.8614914033305996,1.3031381999058156,0.9451238745205018,0.6773085383207643,1.0619166346922353,0.7074413773219397,0.449529153612326,0.2957770017609821,0.21842933868036815,0.42444710043128714,0.250262517854827,0.13280822125539601,0.0643795032961926,0.04001906857356941,3.0102886297602187,1.8651243868795606,1.219689333299419,0.9541693920750877,0.6313191836488028
2,9.396098458567419,4.177253575664739,2.3207538648727977,1.5257369874452709,0.9619794594868731,3.5499837378773185,1.9049499684124975,0.9722128346199098,0.5991770411907702,0.3747787969504257,1.7153410976377232,0.7565279387664383,0.3644705894958649,0.16416904330523305,0.07866402778845821,3.9735855421986774,1.8321847188078666,1.0864827192931572,0.7661348108764527,0.4899755990627865,1.843623896452666,0.9503985367254003,0.47081305401681484,0.29340054438653745,0.1824865471473029,0.9780190052775602,0.3917783931040258,0.18811363649755408,0.09517188349432637,0.051592232529136736,2.754322969664985,1.998067986787643,1.35232371913368,0.9925882601659,0.6056293624430786,1.120611728332999,0.7575385387989374,0.4118823520551095,0.29872663579910647,0.22782306791175164,0.47088703963337186,0.23766991574280716,0.13842390573819147,0.06980505992032322,0.03951908299115228,2.972932310284381,2.002241409093775,1.2133442937984862,0.8943043636156142,0.7165580409997019
3,6.385759397688342,4.034665722019943,2.2473340665039667,1.356769093919348,0.9718677424586836,3.321654222418648,1.5428131802572491,0.985261833625173,0.5802060867381628,0.3367041910208338,2.195602705580753,0.7838211190539862,0.38868406702635294,0.1697077337302528,0.08317642166291467,5.021567688835303,1.9771766022564823,1.1809955048502434,0.7246226107994534,0.5411224255193463,2.2105098403620564,0.968739267190265,0.529439987145164,0.2956575268237334,0.18185468453379247,1.0050247952423743,0.39662029769951146,0.18409540824012105,0.10613281985102899,0.05241772425676943,2.4088789250411096,1.9694991553560242,1.4731584442643122,1.032836194158425,0.6102290208217245,1.205870714535999,0.7129230644069063,0.4316126077106701,0.317069293267095,0.21677774938068758,0.4573216168376521,0.2702660560286799,0.15055862030568312,0.06849032608469836,0.036939510920932665,2.743458005878831,1.9702761940980182,1.3007612531433888,1.0096534000735187,0.6574792547526609
4,12.184021117236075,3.1364246539823046,2.2342415715593646,1.4593190140357628,1.0075898745094543,3.2502661167090423,1.6891535720274853,0.9022981583008644,0.5557200067312031,0.3216881930594225,1.8956285568923217,0.7552275553737188,0.38629221682701037,0.18450901341717488,0.07609489635078062,5.211253742624203,1.8023882206545743,1.1731701558143492,0.6919890101997043,0.48670551217778135,1.8692345637616454,0.886050794375599,0.5421800173602666,0.2792447003301666,0.18681534916237963,1.0326365023477282,0.44956336505047184,0.19096912354343792,0.09562068907638781,0.054624346427873144,2.2191635786330575,2.0321120371218977,1.3725657431046678,0.8726931741570401,0.6823173894743182,0.9632172998955385,0.6840803766683701,0.42781533014068035,0.3356507760681904,0.1952978141667769,0.43640399082696546,0.23325877406406895,0.15671681057877757,0.07496154199396414,0.03874159481885238,2.552750867479557,1.6559936925887266,1.19623694293251,0.9149080461892046,0.6971233952187897
5,10.167235959404309,4.440692601617824,2.183188054877944,1.6650115448187814,1.0262771293262638,3.776415866309436,1.9864444212736168,0.9371995855872327,0.6201086252214854,0.32869518794288805,2.1246105862127056,0.8068986046675205,0.35478477123889113,0.21499469553098136,0.08905192073794649,5.131221069946573,2.1821744861401906,1.1374733778478312,0.8115999550455597,0.49013721539424826,2.4040450767495143,1.0181167643598912,0.4825782490607319,0.28501897762050943,0.18076969349270494,1.0345081451038978,0.38095547571426036,0.19522008362802423,0.10478952678409134,0.04595853622264121,2.58172781627776,1.5098866751982778,1.151223649710634,1.0081987872259457,0.6951168274846563,0.9978154080907778,0.7497767180059458,0.4579260643639505,0.29824080662530883,0.1945417977878045,0.38763768642893404,0.25092411733164566,0.1363115363896897,0.06937748927835355,0.03856212974848026,3.468388227708986,1.8139046190440333,1.2671070117750955,0.8746951437740824,0.6833177385017408
6,8.454037183167562,3.4444722570420225,2.1922498628492177,1.4355570252800594,0.9142746890442583,3.5459899530022927,1.5386554606140457,0.9504686746818269,0.6185805808357375,0.3599359716272097,2.3910810966930534,0.6455218245088372,0.3534035396073528,0.1725092213004239,0.08205602998304558,4.428441026922568,2.0359496285008856,1.2393764295282217,0.7120033297534437,0.5212336993917812,2.1383415517243582,0.8943038663518122,0.49647511814606465,0.30711488623183575,0.17062460921124217,1.0633964658652102,0.4069306219850037,0.1757866198872708,0.10337601958777927,0.0486146523577645,3.0551313842365118,2.1322955735793463,1.3381799138061248,0.9239635393039942,0.68189542539866,1.2059841656404449,0.746492149186755,0.4746875756060433,0.29705986663025824,0.1827145693545675,0.46918290627990156,0.2630693020861252,0.13082806932437538,0.07907046422017293,0.03307378992590768,2.9625673762980003,2.081419939785876,1.2900269270471345,0.8630651523225347,0.6794409016624308
7,8.04038115126637,4.916338928397594,2.3068189139586717,1.6151694317792018,0.9516446814267885,2.9939940517660997,1.6771532266714628,0.9997206189404059,0.5308804420493017,0.32925467927661406,2.2086798782226853,0.6979218885626705,0.30778033290916174,0.18472314001075724,0.08710448453086796,4.86692267947454,2.261363461757504,1.1963158951095376,0.7522188689061267,0.4634569673854845,2.0480784728490042,0.9342745888418278,0.49296545435120837,0.29250167025686624,0.15597768301873263,1.0365644650188106,0.36124081191870694,0.19779834279890912,0.10358718087835628,0.050713464710522724,2.6076223744128746,1.7050583410933458,1.1532203453641132,0.8808170071976242,0.6271424226838087,0.9874445531617833,0.6490374760357067,0.468291066213605,0.32459096038718527,0.20947650146636063,0.40298909173659475,0.2368370893300343,0.13498666849601892,0.07501462337222753,0.040030907304085366,3.0302146319412766,1.9029640818360636,1.2970631160054762,0.9051620706628958,0.6306171894180201
8,7.227285792145629,4.043966650360912,1.9255681507145241,1.5717743808364946,1.0317980030269125,5.023612824387291,1.8437054529137968,0.9644844495893433,0.6126050398061522,0.32017604779122955,1.7639111736836013,0.7081525264301475,0.36471053299008077,0.18934215069656912,0.08277008589589074,4.840151493384202,1.7858260824972245,1.0606096847866135,0.7360768702053128,0.5043273026929507,1.9221098007957975,0.8742792751520909,0.47522715869894905,0.2921106450145908,0.1843232100051638,0.9964129269832626,0.4070676037285607,0.1886038704978685,0.09079202113604064,0.049218504570456754,2.5658334002087004,1.995096399130662,1.2145048201735658,0.8457750793517808,0.6900272078125627,1.1237772408235838,0.7484090002883776,0.5038412952829165,0.292498294896296,0.18052470749484964,0.4674249846769553,0.26478555482639665,0.1401715454356308,0.09556969200119354,0.04329322255537822,3.6594696370151825,1.6830636384062816,1.1693143668220694,0.9848629575157106,0.651246844948052
9,8.047001519258824,3.441591611810398,2.2074611253508434,1.7360756478138555,1.0511072367545453,3.98797395453871,1.692824098698792,0.9565276597104009,0.5359543071361829,0.3206015340679442,1.5503658749866591,0.7400544378031625,0.3733623491301554,0.18707879236209168,0.07534596586277215,3.3113029607002726,2.101475192313133,1.292990410643263,0.7391822278378336,0.5384044437436619,2.8336821159100403,0.9419839264282039,0.49447692752418443,0.27438052210953584,0.18017312631480023,0.9976839727884388,0.3725832372631863,0.19237178445207906,0.09447660088763578,0.04869295879363845,2.4145547619347307,1.5220031689155364,1.3220779795123705,0.8918626431020834,0.713460298310756,1.2898138351202109,0.8272503642717578,0.4093236182327326,0.3169883811933853,0.22161207499731267,0.4664074609446038,0.22098894496616217,0.12296429226417706,0.08258387017049855,0.0362102159197011,3.161766228152308,1.8856277958306618,1.2550176826058939,0.9024855413176369,0.7225291349458938
10,8.459374199939182,3.391804272118376,2.16860638910718,1.3815221118907093,1.0134352977986187,5.029184293680707,1.7370684724996075,0.9227543821982964,0.5512560214269668,0.32047128859480223,2.5460322035099603,0.8651385866576955,0.37365175797085937,0.17764807012449177,0.08355658739156116,4.031785360308503,1.9606197141419328,1.1270672886111397,0.7197992986351802,0.5036797029449668,2.4449411468480595,0.9358619067890149,0.4742516113389294,0.2954017541999274,0.16141427862671467,0.8520233868528301,0.3883974478416625,0.1960310879316724,0.10234288323317092,0.051640322684011274,2.61588363977713,1.8689320476669022,1.2367839423225808,1.020001880030105,0.6347596676548848,1.0835055917498209,0.6902824124842036,0.44421933298404986,0.3275404316822699,0.1783250622498781,0.47408581744284256,0.228559033518996,0.12459502330430407,0.06872332807968695,0.041079450739461947,2.5867486035697564,1.792436204272077,1.3942243044129805,1.0219212802985234,0.6749217897701963
11,7.482155239489034,3.898421731174042,2.395311371075678,1.3094361997718513,1.152946846445746,3.717605722664888,1.6078044466941603,1.0736364167850418,0.497970199581819,0.3394520394185048,2.0415953016018267,0.7342976855758437,0.41871252248251906,0.1716558585154328,0.09086114476139853,5.123600936129685,2.105308901452578,1.1851051973688864,0.7495988829303405,0.5662954236602765,2.1949910952565412,0.9092814095441657,0.4279354740116692,0.31606838689406386,0.17076747713973087,1.1170709964719103,0.39695270609590594,0.17682266008752312,0.10132310077209715,0.04614467250618743,2.681177104324726,1.7910722799681402,1.4754724265304993,1.0008709314731277,0.6706244724081548,1.0452211667657434,0.7076564601581495,0.408603763774539,0.24322740107741272,0.19528216437388637,0.4250257624284365,0.2656617138091403,0.13198327665470808,0.07806543228215487,0.03453766101566323,3.558406947446187,2.100687436027243,1.3661705565762627,1.018564909703602,0.6480839883183938
12,11.072848150988786,3.9159671330633348,3.11581785059045,1.6031462206303349,1.1488895173104954,3.3853839637732754,1.7926656439063553,1.0631745266208563,0.5609586340215256,0.30888279780506245,1.8856831152099585,0.7524530222875654,0.39507244109122935,0.16118744237503144,0.07600769889935405,4.910660583292573,1.9521393541408196,1.134150495813183,0.7780864299871872,0.46961543083337176,1.9454447905329542,0.9037790191963575,0.4693261295154843,0.30007226119859304,0.1857272014678447,0.9345903340314925,0.39403719494855816,0.1741583362520787,0.10068880813446669,0.054165906635995596,2.567122087215939,1.6060738306468536,1.3500417441952726,1.0129437997084774,0.6273853826433522,1.0921586638855632,0.7871650686224132,0.4073429782732927,0.31077571267273085,0.21054543517054344,0.41260587058367426,0.21380099517963969,0.137119011548148,0.08873740167002549,0.03716301982145149,3.363523039403348,1.8250815145856787,1.3928205233310864,0.9851657481535638,0.6655898907832786
13,11.592344248720096,4.190314919472856,2.211829202594973,1.5180620611805253,1.0242819666388405,4.241073391679873,1.7325179658030414,0.9418840659360493,0.5545790131608789,0.35158954504792567,2.669062498990156,0.7811587155280852,0.364660907229174,0.17126453809932238,0.08958046764862328,4.293856517601797,1.875466191319819,1.2067548243081518,0.7496725017347748,0.5032916252950486,2.2763054078450855,0.8120482454276772,0.4697265628507817,0.2924951842140122,0.184552723366917,1.1326378295444923,0.41949982693304333,0.1950355858737713,0.10790416035637412,0.050645680076364934,3.0199331976531982,1.9675069785424195,1.2423557686325695,0.8526889957457422,0.5954839339663855,1.2190896568727614,0.7507406487607484,0.4589412982134164,0.33960092866804914,0.1872776714016468,0.4414580605070111,0.25571655461540865,0.14350168768109534,0.06685682157890815,0.03463529799077248,3.035625201040039,1.8335924655857108,1.2706996159818782,0.9954095375213706,0.6688348077635979
14,12.694584423839622,3.6056016532209054,3.0861030988441027,1.6298367245953371,0.9666553297308321,4.43882322199875,1.8383573401305167,1.012161109351309,0.6387578042215433,0.37285110680624933,2.1679448391933107,0.6920352088699854,0.3749684142372613,0.17406787692904413,0.07590823482854432,4.061660060245724,1.9041616540626256,1.035729541890209,0.7838254568423473,0.4829723054758564,2.1049643507765734,0.8569200503722776,0.4733835673028246,0.2904146035151794,0.18004783536331356,0.9902905416225435,0.39668285258701186,0.19370208029915062,0.09959898391171518,0.05039519868282581,2.4234529203408663,1.9289884093750458,1.3529692738204118,0.8839833677508814,0.6009354332236448,1.19526103139018,0.7652705223938581,0.42725447138368267,0.28960385661402616,0.203651915727479,0.5129816629005429,0.26717925244836366,0.1442033603291505,0.07711018864885509,0.04044344970743472,3.883939261999603,1.6630312604269304,1.4033407337531363,0.9238174927955473,0.6781834961993265
15,8.046354753785407,3.56241938453192,2.08441723258181,1.4683968997790728,1.0296965670166713,3.6219617965426316,1.9308662049092176,1.0036174096047383,0.5140792455032486,0.3613650133164233,2.0448993275960476,0.7365496462236862,0.3552992955966406,0.19255019169345833,0.09049824752934599,4.821554998460888,2.2654104441642944,1.0742999053091722,0.7469240371092726,0.4891903110413261,1.7301839348195567,0.8733477473453245,0.5212427487187465,0.2972714804244632,0.15636558784781054,0.9656776704667097,0.36520101433448704,0.18600790728267239,0.10417309676635417,0.05133719916819228,2.5425475918536984,1.7704621323429506,1.2394304724374239,1.0042251985654156,0.6916253456725172,1.027790518925982,0.7353307703151281,0.463738068862043,0.28784322172096394,0.20830946543857773,0.4667771095868561,0.2551677844694454,0.14447301231748755,0.07115459587831195,0.03382823820452363,2.4608072309214903,1.7200098118282967,1.2985843173386695,1.043052330430103,0.7113035633560829
16,7.2225955031350395,3.9921083433259033,2.5018780615447245,1.4461401425183973,0.9274367435005646,5.287454032280547,1.7346176262304303,1.0338270662437399,0.5886199846931702,0.32423801899061494,2.009827250742679,0.7360670506209305,0.31463019748724635,0.1719734706919789,0.09976122890726984,3.670501794479828,2.1965937829302042,1.1682981307383478,0.7195985017943025,0.5061633730284192,2.0228443031395495,0.9014512483492835,0.48199411026440714,0.27091381739630344,0.17901792395315255,0.9794896778115393,0.4005532550378701,0.19204251401205258,0.1053880202019234,0.04649182520965467,3.0493704576855403,2.032435323314003,1.414393217722149,0.9133086224547013,0.7470648558677574,1.3470341719541474,0.6489888349191334,0.46893751985064486,0.2991882864431253,0.17984250709166053,0.4456217526775948,0.2700240862170272,0.1211687662709571,0.08272581864073987,0.03716232041718519,2.758650261973545,2.1234276180948863,1.3735365585825197,0.8956643098622666,0.7216568653627321
17,11.07260950411924,3.232733754997622,1.9951841419402516,1.8900816333461263,1.033715332224658,4.252758058288335,1.7321294711153985,0.9619635944958835,0.5142232061118216,0.31824013366886966,2.5068384810363917,0.6984568544047868,0.36356128383215425,0.16120755373041354,0.08632837349832713,4.12172333798113,2.721551100671898,1.1623259607903063,0.6492456277493687,0.4566024466589582,1.9895566292858147,0.8622978548702905,0.46853854665607586,0.2865830853656837,0.17849977509425344,0.8123909008096034,0.40037941756046064,0.1969199067295748,0.10423941722560584,0.05027861117480186,2.6712748449985795,2.1660264351533374,1.3926898054039674,0.935858558561443,0.636754313301806,1.2797344374676671,0.719272190593296,0.5067581468011416,0.32778655421989844,0.16775984073834274,0.4109073685184236,0.23427652717696565,0.1251473688103463,0.08215025082051053,0.038376810457469185,2.607853871086515,2.1357359535217815,1.3409274610526558,0.9023074338207279,0.6106763429781547
18,10.717186758224644,4.343465589146048,2.2050598096351846,1.7548858833124101,1.0014182802735534,3.683256648041974,1.718823169129099,0.9787323088892844,0.583621797111864,0.3035971015647034,2.210402806814867,0.8499303338171958,0.35666651274976724,0.18948448842103816,0.0833953327672705,3.5769441881050574,1.9159100528736477,1.2851024355635594,0.7683382447411099,0.5183202929342589,2.3119743270411957,0.8704504190239133,0.4700673663807331,0.2796448016098596,0.1873517719153005,0.9567096169218801,0.402897911262963,0.195419961844422,0.0941778610369865,0.051329188206713915,2.6300549196770273,1.7756018769827189,1.2516109093858538,0.8525431835275584,0.7091598632524603,1.113846738217092,0.7240059573882122,0.4610312106207977,0.32016668760269895,0.1795249566034932,0.39501169939768827,0.2423803033489488,0.12783958111657606,0.0713481384295709,0.039581799504783056,3.8196876414608223,2.0112430940045494,1.2914246682453343,0.9106938116436464,0.7122104444160278
19,10.522595535876096,4.141629312289551,2.2683967559862355,1.5777777864606064,1.0338354621783312,3.8435454130364595,1.7209798093332547,0.9685458135855702,0.6129533625950546,0.3555416172282084,1.7655684208176343,0.7194364366400694,0.34791457317694396,0.16402682762336426,0.08252813516242259,3.4372533503268046,1.8993400895341552,1.1641202633956422,0.7470052228868023,0.5186322963648374,1.854494467388074,0.9510150791828729,0.4955911812724072,0.2875029840920344,0.17466049033045933,0.9002764558917037,0.3907508390107456,0.19005657295462314,0.09490899331102683,0.04984123327952341,2.6509898935939558,1.9163273126057625,1.3324073747385796,0.8616055035021294,0.7596720767732585,1.1063123978710183,0.6448288968478085,0.44814917622124234,0.28143439301891515,0.17826942386352124,0.4156316047915462,0.2274525114423857,0.142212102589956,0.07759861939798139,0.03345741230203773,3.3793511193532817,2.00408078253142,1.2063307804928887,1.0393194583509227,0.6286162295499571
20,7.804027539300219,5.1826888803303515,2.2271348072803474,1.6214971431248424,0.9183881854518089,3.845989008122731,1.7589428428097909,0.905254761854908,0.554310279181825,0.34695726930109083,2.039910577937872,0.7830058339342789,0.36943017051094523,0.19108489029692396,0.09458392611971082,8.051089811001349,1.8997938599923918,1.1929536501748261,0.672290797568437,0.45679406190119454,2.232307482797049,0.9137256641319605,0.47171932649879084,0.3076680561025565,0.18250651253399564,0.9772645821966424,0.44673312443862206,0.1865790269170612,0.1112607373129506,0.0495423912301181,3.1340195620823303,1.5953324340011081,1.2825911681817825,0.8830320992073214,0.6701382372853147,1.0683666776290512,0.7594951130098796,0.4304295330808205,0.3037639709192402,0.21529183708257907,0.4480795874921117,0.24535625576258743,0.13368202318236314,0.07541983579165334,0.037437559253416505,3.234061463084934,1.676056328527871,1.2720878354687315,0.9307236781610226,0.6921376496174613
21,12.216442776309046,5.392040398353816,1.9473051155900958,1.5634847081005978,1.176691521399393,3.606599515033579,1.9476885262105845,0.9399328223705913,0.557255975023371,0.3503329797808626,1.9204477712362675,0.7949394255696759,0.31358329419492736,0.16289018963407847,0.0776676112079333,3.70989161303235,1.5891456827408692,1.111100720772215,0.7643545623266511,0.4721905321048131,2.223678097427453,0.9568856179250325,0.4325783351831504,0.28724435435528767,0.17002990347591193,0.8390965959658708,0.38785042177471285,0.19392565034310275,0.09529464905834988,0.04932106736646026,2.6560591786825496,1.8307383114359632,1.1486448324251999,0.9485590131149897,0.616540128787334,1.220604663553888,0.803346165149148,0.4351863454593296,0.2872636832439281,0.1786995974910261,0.46039010953147136,0.2505829824953901,0.14066977804797964,0.07368109436779512,0.0373349779745492,3.157550232600316,1.9135496435336021,1.3139618254152816,0.8610003763647144,0.7076629300982604
22,7.048201312178504,3.755306438986127,2.2417918929079828,1.3549096020942972,0.9889235883478498,4.8254376598999755,1.7721806259984767,1.0389387070632765,0.6217773486568365,0.3439665940207399,1.585810576609975,0.7518856773809945,0.3583757780844286,0.1680190300694062,0.09094048443765852,3.4440130515529574,1.9968492266454505,1.1094403691970736,0.7969126214754911,0.5006554675387374,2.3478538774841233,0.7876636589649672,0.4975475112066963,0.29196811930664157,0.17657124710418037,0.9020005422690626,0.40006147100719647,0.1843343569224804,0.09503423968195741,0.05100727949641725,2.727361277350879,1.6987627710411097,1.2702442758817016,1.0365756112426951,0.6138578994936447,1.1889296574528723,0.682724946911034,0.423027125040106,0.2862094230220032,0.20122566979389162,0.5130388310596747,0.2195651101679647,0.15506806889493438,0.08876947559745553,0.03876298930144026,3.160898211162738,2.0516132185782388,1.5281042600956498,0.9447348336869982,0.6805618828412032
23,8.526909040921009,3.2845859954060215,2.364314906575717,1.3746286826949377,1.053727453340749,4.039466715012927,1.6757650611868733,0.9149415692242913,0.5587951599634691,0.29212573250842966,1.606558404937309,0.8008731478053314,0.3556118132113064,0.16401559197601648,0.0880087123987801,3.5342514947386845,1.8648375712670333,1.2478772398315718,0.7655354796598588,0.4817317535442499,2.318280635967538,0.8400426839850827,0.4734633393892645,0.2797154748104468,0.17317845819262173,1.0436929465894886,0.3758413660374627,0.18172845260357812,0.09500941684386283,0.046270057518355674,2.706899113001987,1.6730040595615927,1.3678651553341685,0.9095245087684382,0.6099565469519193,1.2519628960107538,0.7845072823759094,0.4685604934984983,0.2847438312342984,0.2197320313355474,0.422668365561441,0.2665314413619938,0.13442731061266516,0.07923219799683576,0.03981246495856814,2.7212308928006994,1.7915085285599572,1.30493270262641,0.985389973588282,0.7474359819977192
24,8.926575132743586,3.6418595552894253,2.3573514391655377,1.4273510110637342,0.9657582493509311,5.4497902560002975,1.7968731215718388,0.893552088219836,0.5785852402675775,0.3296961625401526,2.065658135062056,0.719704593336534,0.33736041767140246,0.17710022803164216,0.10242867057582689,4.281651506496984,1.8955548610126762,1.1913998127399437,0.749465121589875,0.514872184078359,1.9201959399679227,0.8653439674790168,0.4883216069667188,0.31187303978496383,0.18244836392089842,0.9663248762546028,0.3855395268178738,0.18211280008444297,0.09613327917503256,0.05093815852608692,2.555305391080594,1.7349939724952657,1.3220178266449223,0.8726601547820371,0.6976232830540605,1.0611900793637699,0.6729592958317576,0.4394427031567752,0.2903849186563584,0.17899292375609757,0.39850651039753743,0.2884019183345339,0.13641303746612735,0.08002800060704772,0.035990906171874774,3.092362957098462,1.8012097386152741,1.2122130163196074,0.9548376610447887,0.6784457920424589
25,7.639307560288057,3.5870681921646685,2.2927683860847132,1.496816889435054,0.9630565626876,3.8761881232204054,1.7001320718137418,0.9928846934714799,0.5615879942237455,0.32326245630628875,1.8439096543099056,0.823687949530962,0.35084908388179065,0.1804300612160518,0.08746440849358605,4.45532927139342,1.8327290451314902,1.097963557926495,0.788358351754238,0.5093783822721779,1.7802345714790755,0.9436358755127254,0.48571275624106175,0.27606213563160525,0.17174902044683063,1.0315152125093066,0.4233162357930869,0.2007866830305251,0.09841795493410699,0.051239616491773415,2.994532291255915,2.1345725270263576,1.1913292307205363,0.8059221575861651,0.6263436851192229,1.1771212430020541,0.7101591686655372,0.495875171944136,0.2784528089224098,0.2018588048343817,0.4058882603047623,0.2571954151155587,0.14437924889776915,0.07870322131055092,0.039474559017191255,2.9797111139649384,1.7626266160073116,1.2209070769265091,1.0258575348952697,0.7011961490206445
26,6.09593171181486,3.5826405185337435,2.2685998915505055,1.2182410850240464,0.8218055365091529,4.075186815704357,1.624912332208223,0.8712997818220471,0.5844977376438407,0.35635407461241425,2.1287679392803915,0.6810876828861598,0.37541851327161857,0.17419446183841247,0.08041887122278038,4.565537302359054,1.9144759937594866,1.0826722416293655,0.7319599509198644,0.46732096309662147,1.6931142584918448,0.8057507649371439,0.5199273100777769,0.2989458623368164,0.1848541667785037,1.0512268275136947,0.38003165382379184,0.18846049209438057,0.10011432594372666,0.05058710788971252,2.5155731055372996,1.8317353964234144,1.460710217098534,0.882002566315245,0.6003212770319356,1.143319665862047,0.7175878803687834,0.4432746888932491,0.2886872202632398,0.19033823051887325,0.43480387447022356,0.24011531953476384,0.12985617396161986,0.08210850560695682,0.035057372066643264,2.8632930319531376,1.805824312808426,1.1914878675697835,0.9343971434377788,0.7177980550919858
27,10.303804814252793,4.1997838903827,2.0532088273897355,1.649242924305884,1.0886256494811968,4.53534001375036,1.5013726888992769,0.8725003004514249,0.6514112335502987,0.3371561856275225,2.390268359610118,0.9690640544590975,0.3326859774978714,0.160621128264045,0.08178206362845869,3.437926586192459,2.1435480270446403,1.2501477724031511,0.7369147848212282,0.5153272378970354,2.036081640678168,0.8876177701502427,0.5334085268767248,0.3162922290877674,0.16250269178097754,0.891864102559046,0.3418675821959448,0.19089792969673233,0.0972314471473627,0.04781793970015266,2.7764804155071383,1.724402902778043,1.3733793287373206,0.9691705979333464,0.6002430875072805,1.2538401078210901,0.7053608162470104,0.4630759604450469,0.2922116066722578,0.1815930589040723,0.4798662460456877,0.24030607761181155,0.14599674359189946,0.07180599648548405,0.040320709588398146,2.8214701441415992,1.7991471368623917,1.4475310583085115,1.0209028509362086,0.6610438574686129
28,7.866942485173549,3.2265750793209707,2.1400864529096646,1.6933169985386223,1.116460958028021,4.979827537948821,1.8106779894315683,0.8837710031607401,0.5321282200305469,0.3325221388839397,2.0270799353249367,0.6987464692367552,0.38058567505719104,0.20208078941897836,0.08429515446116467,5.3421666222732584,1.9739692771787907,1.13497620189388,0.7299156786655364,0.4729498321922941,1.8992487457243703,0.8948417770451366,0.45859718995261045,0.27678686647123746,0.18539250346430836,0.9034492538302564,0.3557831241063321,0.18360523146298935,0.11030599795636441,0.047428809746542726,2.724607725396715,1.7380819426626326,1.427586109150981,0.9023824676417561,0.6233125329603687,1.1603805143292836,0.7122099820323199,0.41926700053338345,0.30120404493407543,0.1799090391534677,0.42712747119541794,0.2686580717736936,0.12833408074241548,0.07770882268301957,0.03242822946448704,3.3808540929083253,1.9502330342322276,1.328193063431664,0.9927015909074975,0.632859814236726
29,10.80447857417643,4.5302130520338455,2.5082195631936797,1.4135021804574153,0.8832896663218812,3.679487961851573,1.6874130256025033,0.7479909683070767,0.5037978647047895,0.3248902152515218,2.2474307215927762,0.8338748203007688,0.352405631484767,0.17133337868946658,0.08437653656643797,4.118332943933223,1.7986359813025588,1.0941351291549792,0.7460067766386156,0.48218069660771384,2.3991832531830863,0.8767907113888653,0.4509748540733844,0.2911729405229634,0.17222225832225083,0.935558256399054,0.37210816680028036,0.19111519801195206,0.10108907276684227,0.05117787784605467,2.8937169069114375,1.9863857256602346,1.2789502712043588,0.9527166822843975,0.7528658733143999,1.09362921111026,0.6386461497285935,0.476076432774446,0.3093051553499615,0.2028166297740923,0.4422182264653481,0.23965456574873215,0.13134887609895016,0.07425384111756071,0.04135335634821997,3.6837023823484767,2.0504131669359005,1.0606546198593143,0.9354514433045517,0.7191992665130412
30,11.316620058380531,3.707346277297697,2.098953885913419,1.4955307104650175,0.9499564007903356,4.6727316063499185,1.8514990774258402,0.9851900831429393,0.5426082324787572,0.3628572879013494,1.7396853395178262,0.6514841454515324,0.31290375127270076,0.20703808096165033,0.07422423976197906,4.133586578287608,1.9992320978184661,1.2645386775361445,0.7226664640791761,0.49682514484887963,1.7664100759932089,0.897956941843316,0.5043507680077604,0.2655038656583518,0.16926040467523673,1.0333886929577047,0.3872644407468502,0.1878883388642967,0.09684112448903073,0.05340092662216736,2.5907406200553424,1.573153229284216,1.2885858488043802,1.0253897578587636,0.6675731885912394,1.1703735969545548,0.7261846052741774,0.49789554088102544,0.330851573291236,0.21529037510681595,0.4469211798628608,0.25571061659989425,0.1332779674204285,0.06719217586396675,0.0539203053488164,3.0678978571198687,2.2468257579063895,1.266282591419506,0.9362225922596757,0.6522055047118127
31,6.17743472136619,3.665830048849601,2.280332455488329,1.4670021145210799,1.0545347297249044,3.466746699221278,1.7630379288344256,0.8999897143619132,0.5706216110942314,0.3357463663389969,2.224935782612009,0.747901088858369,0.3626193231824787,0.19773926043579135,0.08281447375930016,3.9916728448523906,1.8586528142771561,1.1149767914655526,0.6880418028656635,0.5164009085451172,1.7492659138703741,0.929887555134245,0.5037984387511815,0.31093519809627657,0.18314841297046847,0.9207635162239258,0.40154281748371173,0.19780469416595053,0.09565861545288014,0.04767015123145071,2.692350044319278,1.7371281852224294,1.2712825617594632,1.0019267597401122,0.7187204891407863,1.1889304385080557,0.7310830447516276,0.49049824153682325,0.33850445032223386,0.21696629146160176,0.45909918880365047,0.25541601912396483,0.14451199579773252,0.06968185419012393,0.039337138472623476,3.7543749665449826,1.650084018073825,1.296284097780959,0.8675349268061857,0.7266877870078068
32,8.193048308082586,2.8242703250677526,2.3917714277286675,1.5204615438108906,0.9274055472069865,4.1535331110137115,1.6431929228571704,0.9885856669342139,0.5363495333440486,0.3118169923833057,1.9304341660187085,0.7671095457974428,0.3385269575085213,0.17657855637628153,0.0876157472293041,4.696662813478764,1.9942675391612852,1.0801949475750565,0.7663452221488855,0.4619623609090099,2.0400275058366546,0.8791082642372755,0.4477716545320065,0.27387991511165516,0.17532045916189537,0.9657335898009826,0.3619909653043435,0.19097990030756115,0.09821353967225999,0.050769171930081236,2.224999414123374,1.7215608961504578,1.4422334347557857,0.9633691740377692,0.6406371278416957,1.3549475591738167,0.7175979404523448,0.5446241893932772,0.3304082790116376,0.1844585973514242,0.49875369638591444,0.26303802545419386,0.13736497236378534,0.0918878583997184,0.04183237914631252,2.818031455417529,1.7369355964524802,1.3011562889056894,0.9287001895671659,0.7490309639424524
33,10.917254923182963,3.8370652345917566,2.1362444634954234,1.4306382936005066,1.041920886012172,4.707831013456229,1.9300872287906172,1.04462551742305,0.6062685326787305,0.3287173391954596,1.7681809314596961,0.711383313501312,0.34541579231831265,0.20101775879177208,0.07865387635552026,4.327702330853572,1.8922622382933956,1.112877139376957,0.7960991327943142,0.53003967888566,2.1683615985108746,0.8171504115178703,0.4847068397708819,0.2800943485540778,0.17920685720306206,0.9347554395319937,0.38651288751373886,0.18580265058119977,0.10156704669434954,0.0505179318408407,2.9646890992328734,1.97112343117709,1.3873158806755044,0.86858305874931,0.7336836453534067,1.2080464977282799,0.776889509545111,0.45567946578207846,0.31749017979819383,0.18623029964403526,0.45881820190280553,0.24671541362908256,0.1338956825748849,0.0760323034870203,0.03996225744672694,3.193929821734094,1.967427706415303,1.3766031272312678,0.884759528815379,0.6641963938564115
34,11.795438342023868,3.8001456428284017,2.547112489981803,1.4356751994635446,1.0665424706316622,3.5049863097447695,2.0969520034031297,1.0450365208782324,0.573614785845633,0.3055598703192138,1.8880536032780586,0.8128461802115221,0.39121891129062325,0.1752933775789132,0.07608873445304198,4.3670395984076364,1.9392952965366657,1.1950779956265238,0.7513664271320997,0.4965280811218269,2.090012439450969,0.970994145461421,0.49688621497947344,0.3134202292296988,0.18604701023990364,0.9240154901296979,0.4202372191625069,0.19172054121010815,0.0959686232503388,0.0515457915560242,2.2007502403268857,1.6238479358648572,1.2162172193863725,0.8449682016915746,0.6628281770699009,1.0708672286392682,0.7482394514287121,0.4309781028108281,0.2819777403124973,0.18349635523190308,0.5173905477575956,0.2566076769190797,0.13365312071063437,0.07932504454869257,0.03847865054563542,3.6962974004363383,1.8908931250427257,1.3790196148300304,0.9453674868363101,0.6555573801284232
35,11.55436195858653,3.638893566166686,2.1474392385601986,1.3872668509256594,0.9343907851403542,3.7491152058415995,1.643782060893699,1.0268974913312834,0.4938418647769989,0.3378807649233233,2.005402792522098,0.7233989289899696,0.3650203960951577,0.17991617889042927,0.0899319275922187,3.9025020978480804,2.130678566251089,1.0746420459947932,0.8150476690464762,0.5142914706091765,2.1167958147930124,0.8520534712537908,0.4801899407996538,0.32079802671724467,0.19673234152002778,0.9515821875132348,0.38579585802853517,0.2041733775189293,0.10863535506355886,0.05023822470926715,3.0858434467603852,1.8535668151739624,1.2249507410429503,0.8785325885225918,0.6520090099061443,1.1736423268653369,0.6903604976829925,0.5073269797754713,0.2781235558940615,0.18107481976354722,0.45110464906904385,0.26486503119697974,0.15900016473904152,0.07491923573629242,0.03984586294588934,2.8447200407881623,2.004462646768066,1.4303185059571464,0.9859611519119473,0.6872707233736174
36,10.099491247582112,3.9627488615814292,2.0162641662348686,1.6864562146309876,0.9492096397182742,4.163304944180293,1.7324975507493392,0.9214968945433404,0.6054225703274397,0.3015501154174503,1.701528641347439,0.719443152716366,0.3383754553323136,0.1619690433321105,0.09249041941538634,4.822427753664864,2.1106617528420895,1.1408984748077522,0.7086315599529684,0.5129893877191647,2.5790212649093474,0.8979906561221519,0.5017471570190677,0.30280035709062936,0.1910854134372791,1.0159564340733218,0.38809022696526657,0.18968637935663257,0.09516583498472675,0.05622270252345102,2.4447991405239073,1.8459307947378238,1.288723849358235,1.0594320787562317,0.6329909090039725,1.1575226413537645,0.7953960345407207,0.5052689263837857,0.3100257064212684,0.1721890605186881,0.43529221071597224,0.24064447761243365,0.14036104568876573,0.08666450428432736,0.03552256084851541,3.0247617711250525,2.0926062498600406,1.346741381147566,0.9448678119204614,0.6830682298313198
37,10.910696684510725,4.620273502512018,2.3057298608951093,1.5064057171317338,0.9241401400673179,4.396554879147169,1.787675099196553,1.110508937216096,0.5136838553904355,0.32416745469817676,1.8858636481176827,0.6930350624441451,0.3186505273005364,0.1982669846780621,0.07425686367268061,4.856409467208622,1.798042145208641,1.1040681714971734,0.680635924610899,0.5095963178969981,1.94036626064,0.992423785816828,0.4831731839635362,0.2757248354861426,0.17724522128501613,0.8526507746861502,0.36723934296324834,0.1801858802847268,0.0913237344114526,0.04732914143276771,2.5650726825881147,1.732278002414229,1.2859109130222688,0.8722614442397729,0.621027224562188,1.3071404823648616,0.6497750787252278,0.502664911705042,0.2747125425024623,0.18336270673566252,0.42913698975666686,0.2588062457082448,0.13375519408521486,0.07432361615382514,0.04426416440779088,2.458011518857936,1.8323940757757566,1.3665088138178816,0.9787277509858687,0.7015042386585563
38,7.127689793550866,4.005306225788142,2.2659805223960645,1.3874959747159985,1.0071570173057713,4.851973737680896,1.9621555939997646,0.9002589304569316,0.5157334731278503,0.3195280384783953,1.9760988403230895,0.6513522025139231,0.3753932383274059,0.20623122787352244,0.07683695841552542,3.709188656776349,1.9723072474058763,1.2144094784845951,0.7539825708818559,0.5302556502745875,2.1638763074349905,0.9134652204704996,0.46308249663169876,0.254695130868268,0.16963696830061076,0.9162927176439344,0.3882961541320113,0.18706978166132412,0.099859179208313,0.0482893423808187,2.5535700328467508,1.7578877710651595,1.3293099154199746,1.0142783040641568,0.6678543892146028,1.1072416721544727,0.7237457817582377,0.49335989838826544,0.326987801446237,0.19074064702252205,0.4705500666860764,0.2383148022070792,0.13925388059581062,0.08093561663587878,0.039167887439456504,3.4557214417179187,2.073517889840442,1.159814721192091,1.001120523015478,0.6714744957569184
39,8.632613124059045,3.682955987143159,2.435467932738094,1.585105468491876,1.0306062203073836,4.821432279886438,2.0568169674083383,0.9679345184621425,0.5119810199833141,0.32923801297764627,1.7105167360569844,0.7963115730105561,0.3760026189471476,0.17053650929589173,0.09215303688619425,4.0738975379424005,2.2732506769293006,1.303443600510817,0.7101525634988972,0.4994603355434931,2.3788469912167063,0.9214207093665077,0.43781778662827553,0.2876150272528768,0.16781190557656755,1.0676201067237574,0.39483825694345864,0.20735850390618818,0.09749925895812905,0.04799082206949814,2.6655571967383707,1.7398822580913191,1.3022605672002947,0.9586479728611256,0.6740580313471487,1.1794949045908307,0.7358429041430115,0.4054462792691161,0.29799457360374426,0.20704498399356752,0.44276307922268565,0.23007041875791143,0.1471279358593193,0.06784648690427592,0.03842061355176051,2.792981426776411,1.782922217451058,1.3342483553204332,1.01031467154777,0.7179305148420142
40,10.134992335797637,3.6848011939448795,2.2554524741850814,1.473823518962354,1.1205397753231396,3.639482302881594,1.7456419420206257,0.9961592035587413,0.6332468856141095,0.32899087781812447,1.749469016720771,0.7489411071090071,0.35847900396256954,0.16489998970393124,0.08011653018730558,4.494994374451633,1.933480449225803,1.1950447708911565,0.8251427836451991,0.5419168618541738,1.9462287274178514,0.9217638975012217,0.45147409381932024,0.2842620549362769,0.17754238807479197,1.0112263305710414,0.40543196088158756,0.18282744346258253,0.09780909824194099,0.04552326840933282,2.8608520901013956,1.7296141330232309,1.2408690469766446,0.8381917332360616,0.7020411921933545,1.2205412439659609,0.7455348009394414,0.4805674815419699,0.3397926315041899,0.18437342755828467,0.4484353489936564,0.23444175561032182,0.1586753785755952,0.07178262834535636,0.037678077487769995,3.021669988494984,1.968025980453877,1.3941797078288782,0.9224355587376868,0.822863771407884
41,6.901360958839581,4.162104786314597,2.2997696826672893,1.473038406554764,0.9118885299835585,3.828933840009441,1.8857230241247802,0.9026062308769952,0.5576948533342566,0.3210578779572552,1.935543584356564,0.802209402740793,0.3493171852461361,0.18669990173883735,0.08712509421766727,4.428066814630591,2.0489676388441076,1.1694994633601477,0.7338757604410185,0.49571448194694134,2.1062172737780624,0.8636648578761728,0.4553134087850549,0.3045270342702434,0.1828880583189266,1.0241951358801566,0.3743845319600102,0.1999535845663124,0.10793667394808537,0.04688201173638514,2.5998236777785615,1.87666941633995,1.1724578900360667,0.9301762675676689,0.60800798093402,1.2120242770206489,0.720897913492013,0.43307899194071786,0.30139228483304953,0.18303256229047302,0.4532597461718343,0.2735247813008467,0.14020484567407276,0.08917589501813614,0.036551550723415135,3.1054229523209957,1.9792284662983977,1.3117604337663864,1.0624618684638705,0.7255354143428001
42,9.217410927185272,4.877931280537863,2.251568289765835,1.5063279251992225,0.9667914207204974,3.960259652600281,1.7792830510816247,0.9656892789089734,0.5185141330778943,0.3142400252751608,2.129695761013317,0.7418329462800183,0.36764572011318647,0.17051566068728294,0.09221169767061786,3.7003690877792303,2.0369311231523928,1.1751739017547425,0.7012852834365296,0.4748224853969974,1.8693805605255047,0.8533786450510488,0.4953648796972399,0.29614858676655714,0.1696436770985428,0.9448347180382336,0.3597342988465891,0.20236080325529018,0.09631171607388206,0.04782863312176334,2.2461765897263377,1.9346388816517872,1.2529512668898968,0.9940084012507724,0.6527372693463729,1.0717365683178144,0.6856946510069883,0.4705782571811992,0.27888942407527345,0.17645340170979415,0.3956829219145015,0.24080006617905741,0.12301522144848236,0.07523845466128243,0.041042787179640924,2.794407322603235,1.9603373596975333,1.3520916560922673,0.8105715667827726,0.7831944789938433
43,7.702777548344859,4.051686464615195,2.7030407962987586,1.5459807825588283,0.9439559703529005,3.936408969311504,1.9675076584202238,0.8966243202180135,0.5117866916502234,0.33312182173683835,1.63514390764591,0.7984101789753516,0.35449879967456466,0.1826868777895883,0.08378269787987856,4.722339889623119,2.1076357945117734,1.2021751365459097,0.7131432929311595,0.4996592358962852,2.114781553389686,0.8019992983059998,0.4566664689837878,0.2877921849655032,0.17574174113023264,0.9926057149343881,0.41393456150031277,0.20466666817186063,0.09092073391139892,0.04813086644530456,2.8865209165437533,1.8186113040614171,1.324737527824379,1.0623488986419638,0.5715589929738857,1.1199119464370113,0.6727389457296167,0.4400781791942813,0.29713686080572693,0.19007006321387188,0.42515449254187837,0.26080424593089513,0.1522821729906973,0.07711412557863366,0.04405631802883062,2.9224368099944096,1.9895057192452548,1.3402645350313083,0.9669884019035719,0.7484972369686771
44,7.597973659793919,3.7500212665478068,2.4198314825492657,1.345641844492593,1.1167508944436768,4.901939434634973,1.7482155933492731,1.066782431819231,0.5035264157057786,0.3728686307218124,1.9782270204811134,0.7912478284498581,0.36850257635081296,0.17308165932504274,0.09197749832386327,4.251327665650759,1.9123833924727434,1.1270221706649652,0.7372783477234931,0.5199874770000787,2.4705418627928464,0.9127172659487812,0.4735575832320152,0.3027291399421308,0.17782194238427435,0.8898380569419498,0.3691624103845017,0.2033009808551099,0.09771556250750414,0.05146624335721921,2.8654020568443817,1.9889749075753755,1.2984438256098683,0.970335433994412,0.6103288558789084,1.3365496647698338,0.7008907274018565,0.4346544892063888,0.27552134089852925,0.19594358809176982,0.44711909298971486,0.24226133782626325,0.15080126036524105,0.06493139848365617,0.03455128968701543,3.037602603850998,1.830456042840529,1.2737781286299288,1.0360840544302232,0.6161045726377052
45,15.40668226990022,3.845817453549816,2.430965893083456,1.4287564398329888,0.9764042447230239,3.858037738417449,1.910232756648439,0.9646749989883965,0.6094102086926375,0.36964086218111564,2.1498218208998234,0.6370054175673802,0.322750421955908,0.1776006884070748,0.0929526801045829,3.9736170242169697,1.909176321307866,1.23800333393968,0.7907159172180783,0.528983467846705,2.0033407683964506,0.8517974961422787,0.4516312334040182,0.31995813376520726,0.18109592064029514,1.1540357968482162,0.36497796340941,0.1789861118791834,0.09451076163015491,0.05265356792133469,2.607570141544959,1.8609855468518317,1.219864225643082,0.969374158895592,0.7316423579214614,1.2671441566016455,0.7214349168886608,0.45161287445489334,0.2725338134803192,0.17808058490348794,0.40563746478599866,0.2572648621885312,0.13893676566395396,0.08625131221451691,0.03660715754742645,3.6418552562476743,1.9708491232949115,1.3153054914105153,0.9382234244758642,0.6896181972755778
46,13.041234474602316,4.7047508109611424,2.282183606840917,1.3953143013870422,0.969117822658998,4.962648170659141,1.7132596423880657,0.9750522695607571,0.5513140781115701,0.35804442325032465,1.9283580754146084,0.7320692269453077,0.3696362008509522,0.18099265887507837,0.08003377252093993,4.183649574558153,1.9496659411201511,1.2482190000214797,0.7666463432086907,0.5226668873519537,1.9083937357218173,0.8309025211480424,0.4576465975034669,0.2908458780447175,0.1780397204515762,1.0057077766413465,0.3889956475432736,0.18893554798529508,0.10264802755545704,0.05057664749746874,2.550088819268609,1.7230145596634858,1.373735821980031,0.8241490969223044,0.6983156087207643,1.1507645122633212,0.6287085425464948,0.4533920036368361,0.32277133205607184,0.1863594436311021,0.39838789303389716,0.24707945838086426,0.1333833898150175,0.07969206538048924,0.03566423811598769,3.007538466405635,1.777255226878008,1.269477508776618,0.9543740915642278,0.7211928359749693
47,8.60306311184853,3.6764195813673224,2.1293478440958054,1.6211233247109331,0.9019513153581775,4.812586079913822,2.02973048464317,0.9519396135550218,0.5736630406729186,0.2876327560284056,2.3976453074875312,0.694830260271926,0.3530220940656952,0.1701654477503107,0.08132967128799293,4.329134833732361,1.828111714488109,1.1112582443841232,0.7818878149667928,0.5046031690907672,2.341445522754137,0.9054043935042617,0.4702453839969571,0.2960505196005746,0.18130537340434164,0.97143667386694,0.3895599291592592,0.18748693469180372,0.09188035478310734,0.046727178357509176,2.6313510299406953,1.8395892069058066,1.3394366858995626,0.9170550364492733,0.6070604886036203,1.2633717768074695,0.6109025908384363,0.45852477140736286,0.3088412675229813,0.18714236383979424,0.3956544080608091,0.25800566387571466,0.1424590100646813,0.07457446891415527,0.035525397186861825,3.8586480728756576,1.728493951548031,1.3713527958380165,1.0059507415838729,0.7479417349583053
48,7.670412602968469,3.7498723959211144,2.755733442552808,1.5292190744761829,1.1401447309613462,4.21195385878546,1.9049314928667365,0.998693995775773,0.565353220418537,0.31839077282783634,1.6582235324415364,0.7195223293125979,0.31909081152827856,0.17545504366962136,0.0834783277348943,3.8126849391870667,2.0402033105400386,1.1208057288374182,0.7673606091470857,0.5062790175667092,2.378648342232025,0.8341786723613935,0.49235479072630733,0.27073437298570563,0.18586161202551588,0.9314021547243253,0.37893694161824193,0.19219470142693812,0.09703814491252379,0.04846937108535169,3.017918161126717,1.8750616912708034,1.3549536838201603,0.8492306742113492,0.6704006524968648,1.2589766462510603,0.6729800303508413,0.47353135507396155,0.3210727030256498,0.1821238200945506,0.4595150998583362,0.2711808678252582,0.1481095311398246,0.07554625658324883,0.03941569414417097,2.6687259320846155,1.9238318921363058,1.1703385507098156,1.0208210544698586,0.670023050083351
49,11.859187620966459,3.552407001675215,2.4445664938662937,1.6163898551116662,0.9698605091417519,3.8288932121290484,1.737952492256966,0.9809201734414864,0.5682367515522546,0.3494418234845784,2.2482424195523,0.7044589182101081,0.34060690224789514,0.15679485428325632,0.0814042209357793,4.953573245954937,2.1957753426268147,1.185049034615215,0.6790834946230165,0.48923879980918666,2.1950139133251096,0.9087491980549117,0.49376539591341984,0.286998352471118,0.16627912457277175,1.1298982402822262,0.37011969783451865,0.19352785542489692,0.09905201694375462,0.05186496521065618,2.644216539053736,1.80075238816635,1.2513530609092907,0.9596309216555123,0.5625765465921684,1.170916602728034,0.643253933751957,0.40909357675968033,0.3100845499076823,0.19166036715643694,0.4199957777709046,0.2248261017548241,0.14179772789965056,0.0818848679078661,0.03407245953467928,3.6082501183256537,1.7393887278579852,1.2277386852091834,0.8912150569353053,0.6663317412377034
50,10.350117081478984,3.676079447530939,2.2279278731775496,1.414487676047236,1.0940677968749652,3.9101243064670896,1.4855164127929341,0.9378710124653086,0.5353854503636606,0.29643285699811617,1.9058465020239421,0.7785309999735407,0.3734955607626409,0.16427840107198735,0.08562790844769141,4.72677632372961,1.816591898814795,1.244458713982938,0.7543719370504662,0.5140696498027311,2.4727248184590613,0.8983870750953113,0.44147125532784215,0.27593739220929714,0.18787219402210661,1.0098291395128722,0.3624618933111879,0.1879593894417492,0.10413155784134172,0.048868167547390394,2.6299207085809506,1.7060792806524199,1.062127287869714,0.8603266345359744,0.5970590764713263,1.170728984135001,0.6540726728645602,0.3904062188553894,0.2873151886750097,0.21615973066240932,0.47628638869997814,0.27511114751082827,0.1249516133195372,0.08037030547514608,0.040679333758547674,3.804806645002592,2.0881953621023155,1.2438904892219185,0.9636358819158914,0.6923597940045955
51,7.853312919034328,3.591797151846409,2.207575679604349,1.2997048669843023,0.9771145571452619,4.225404104216438,1.715562305515686,0.95493351366628,0.6742992405922172,0.33234665962778587,1.71407773092196,0.7109272697648417,0.31756729402390144,0.17214812622539116,0.1035592244191037,4.766480126435222,1.8742611903326916,1.257774126645575,0.733085063360614,0.5171514275348782,2.235487030453894,0.8986950908151883,0.4727647379677101,0.3162024492120009,0.1837737001544993,0.8841325840482651,0.396416710215949,0.18617911363593057,0.10621246148919819,0.04892620231089079,2.674336494371893,1.8351413158540528,1.5276127621697708,0.9323447549265635,0.6840348281915279,1.0796914955935897,0.7558024020215489,0.42055684419828165,0.29775263384274636,0.17419437660171644,0.4539424734558955,0.249062632831696,0.1606667314598929,0.07291402402546844,0.042111983123802384,2.9172249115919655,1.8324115184038894,1.1814912689086985,0.8659749179814932,0.7115361475695527
52,8.08856705397643,4.280298852699815,1.9890971360963725,1.4209056189243838,0.9446446592765707,3.6264870227289236,1.8600616930157372,0.9669397120096319,0.5966011534398823,0.2875910315854465,1.9840076999623661,0.7679685432927503,0.35327631541083176,0.17895452404928347,0.07972960073371513,4.624045970589017,2.173453879310499,1.074058748021608,0.7634955002940066,0.5042061112010052,2.39934561839509,0.8872609378105526,0.5152335089350596,0.2893867963728919,0.18058897233947716,1.0473304363685987,0.40044946576762225,0.19047043840592262,0.10782944147648599,0.04873168809334725,2.6129385687211886,2.1637007885116994,1.3453189199465037,0.8490965878926431,0.6882077447455044,1.1959525495646215,0.6049228545143187,0.42827419988582655,0.2976752111613366,0.19822194318906483,0.4332224990466652,0.23707734621916687,0.1538846536041001,0.07420885654986287,0.03983210819161538,2.73730311256985,1.809612359479913,1.4173415538955905,1.0313448798307536,0.79142530617462
53,9.798301140623492,4.085149065178072,2.7073197772442565,1.5381017897726315,0.9666240176782321,3.961876419211294,1.8532745657415846,0.9267820716102294,0.5817931216469924,0.36467441282507507,2.255019573885016,0.901165801036721,0.35405956887293893,0.1697190742809575,0.0825027014005315,4.233267617198195,2.0718475255563424,1.2481700152665651,0.7156373492691643,0.5272220416254153,2.10703931137987,0.9280075036654979,0.5145332926600622,0.2749436774644808,0.1751798860155547,1.0419841701117711,0.39057078760557307,0.17754657395817308,0.0934650590968185,0.046992053261268533,2.4843224418642866,1.68161164197292,1.3534883794519719,0.9058066069218669,0.7187035792291293,1.1514756347709887,0.7497045516613083,0.39310684342621915,0.2933514923752435,0.1964237611631678,0.4647796412596554,0.2347958809038078,0.152662255201183,0.07722232577776708,0.04107154882408775,2.953496239433339,1.8944624202927947,1.276154016474756,0.9342240505020352,0.75261035588572
54,8.595818708646105,4.0323388782099885,2.330464676854208,1.4279498008577785,1.0639949789148064,3.7546457678777725,1.622068317646937,0.9484349402231278,0.5239340850425234,0.33358841604428835,2.5513548521247933,0.758475435285223,0.35773412765911594,0.18556269550592022,0.08571471153456661,4.485396438508401,1.9791724081713566,1.1318922849570296,0.8454109411577888,0.5095020533320318,1.8502134022105234,0.7878812011088345,0.4589554431071259,0.28945877290183836,0.19378081516496828,0.9488796719040758,0.35881602875498214,0.19410066249377583,0.10097137445306482,0.05043959922941175,2.7646682216482636,1.889748141841336,1.3215479925411624,0.884146971433422,0.6736835061752444,1.2787031639386661,0.7687826150015579,0.4827712877113456,0.2705495097488418,0.19998337580230338,0.4549892573434783,0.2434376595588703,0.14206514384978347,0.07433436650051059,0.0340071200479844,3.571587126969273,1.6377325775609923,1.320749393869301,0.9134073710850145,0.6315522665712635
55,8.154783511172187,4.527436124707548,2.0808587037267285,1.4496603266973909,1.0524160793033484,3.287114123458607,2.1614465454903935,0.9614903158412089,0.5542503348035269,0.35087380169996935,1.9415190640181554,0.8100480749288429,0.3553627656348679,0.19509520966910016,0.08948393510708276,4.722499930691833,1.8169600969535993,1.0467231886679689,0.7638983060791356,0.534350376403464,2.085125947731537,0.8700565558131328,0.48794583804265307,0.315062017832109,0.18138186864571862,1.0784259252705894,0.38382345425428194,0.1933934392050811,0.10206818448698717,0.046410432276634855,2.4802748188406554,1.911391593161856,1.2927353916782243,0.8726251184883744,0.6929322511323055,1.2492065825033942,0.721912273019681,0.535953921522101,0.27772980265412966,0.18039019875661533,0.43875648444097565,0.2362077320966519,0.13878593353089527,0.07380100010720023,0.038989577579887844,2.7897313566187427,1.9753475131310723,1.3770507033962351,0.8950413647853256,0.6522235422033011
56,8.001376018244308,4.366841334690512,2.265744040092062,1.3176155743123685,0.8929719833804759,4.644966537638915,1.6866304965787065,0.9654773581128139,0.564108735533472,0.34192995977157054,2.113441576457699,0.7378730945321539,0.35303696869974094,0.19390739549246117,0.08905449621867365,4.595849620703772,2.2255079127731383,1.3178300924110211,0.7519362393499289,0.4718288634969211,2.1514727064309414,0.854383206929301,0.5230724318392498,0.31105280278336866,0.16861336483636433,0.9953061501623083,0.3764882561426189,0.19324731549929508,0.10329102149799034,0.05038743624847812,2.930358614651531,1.9050727616415524,1.2538202844166935,0.8086151800494092,0.6201590611664347,1.2145052268542287,0.6625992249454948,0.4650796360381255,0.29886797221924705,0.20506868060045688,0.42078826621809967,0.262239438140546,0.14336003051082538,0.0693966010313342,0.04181612449312104,2.6777667051363405,1.7466712822859742,1.2872006574952402,0.9549995271428874,0.6618260394418527
57,6.420606232536854,4.072329343855517,1.8478988084156183,1.588863286300156,1.103393876336594,5.19775033118823,1.6242615854325901,0.9790300738871045,0.5428778391799914,0.3485492573279091,2.33310247599917,0.7048795811756318,0.35701511531501645,0.16107529396846723,0.0876011973638683,3.5596484399329813,2.0844079143298524,1.1411282568731864,0.8033743156848229,0.4861619375156604,2.0966836120897114,0.8554471244459638,0.47291538293147384,0.29341752064524723,0.169372657892994,1.0120373163588248,0.40662905406689787,0.20312763027293015,0.09355191861609195,0.053357847763398594,2.6131430573092156,1.7770926038845,1.2725837854940665,1.0442108421019993,0.7073529245461262,1.196666632150366,0.7085377258134119,0.46863997045087546,0.2906209056975269,0.19211273961381609,0.40953705470480384,0.27335585855857336,0.13145170609955112,0.07792768156666316,0.03390205037626934,3.1540863044149816,2.048191743364724,1.6131132670707748,1.0486101676082566,0.7503723856486573
58,7.380379922272608,3.3758276041781503,2.1685552718933128,1.402209489390314,0.9929820908336059,4.17466861290875,1.7995417751970384,0.9927280305398369,0.5197394441745286,0.3345923121569047,1.6295914598310268,0.7318748981886114,0.3654193946646937,0.19565819905543977,0.07996348475999442,4.611856371056386,2.0471521538572146,1.2299984010797147,0.756607914686232,0.49252059124959635,2.1921953140920527,0.8581569094923092,0.4507596687785277,0.2882434154505858,0.1813417860442278,0.9450472484815396,0.3973419267864836,0.18377397728530764,0.10202350940109994,0.04901465913180252,2.495458694902998,1.7696075555815975,1.2494218626785731,0.9289262492677111,0.5904713190374269,1.2655698003606322,0.7470007937979141,0.4580938271393432,0.3177920434593827,0.18393498062416413,0.4668189873565322,0.24015655867733532,0.13993782794764273,0.07601610583048667,0.034131184344525944,3.142079659800168,1.9542902649672604,1.304900880659877,0.8837213632307367,0.7138548335275883
59,5.889137535634927,3.4407068789571964,2.4411942851291295,1.4050228217698468,1.131690825713926,3.656115813455201,1.924018824575182,0.9932310758920276,0.594955513637661,0.32889455620335956,1.714293935959504,0.7038262742673205,0.32903100734342045,0.1902107879580512,0.08912292624292772,4.762713345888252,2.185921315866522,1.1279088077086041,0.8257392690927687,0.5191546137156482,2.0951905643793527,0.8838562749664944,0.5112147551185381,0.2760072579648544,0.18840681995284914,0.9471020521454786,0.392156473409428,0.19118499268632846,0.0924368137348048,0.04993607998312368,2.92555773730217,1.6889476542131736,1.2498421015938521,0.9592218894049173,0.5345638728352088,0.994966348061083,0.7591657485282377,0.40544619600990983,0.29603414609775575,0.1716432662788838,0.4538884225814767,0.2290266363465198,0.1369723319833367,0.08346379453064977,0.036159869541633596,2.9915079101313107,1.825223195340093,1.198061028930202,0.9816052709945698,0.7088107664639901
60,8.077024884765656,4.704626609100853,2.3596599035045784,1.452680101747995,1.0628297470317987,3.932474769753247,1.8600900517942716,0.9157241911859103,0.5512575407291684,0.3365975770215502,2.04931480045028,0.6651669270636581,0.3740644277520497,0.16861447294980145,0.09395560004315091,4.57621276876506,1.6397492165828456,1.2056359151304796,0.7475239082222167,0.5494940456533618,2.0201863780522924,0.8380249348474603,0.5117807492692188,0.28883302963969903,0.17276974380336774,1.0363676639368335,0.40365872150377463,0.19080920181053873,0.10094917214628765,0.055052139503757216,2.792668826036804,1.9179509408738928,1.423574878092727,0.8970241844104703,0.6141043414638033,1.077466699842876,0.7223744797635657,0.49351634911628456,0.3004673259929685,0.1696416509274487,0.45185725202837407,0.2502794674634532,0.13518540486648536,0.07927700106888337,0.03662261862943159,2.808554781843205,1.838621673810832,1.359368907019655,0.9772856877882522,0.706568124460763
61,13.571917494685941,3.7712203997754057,2.117441918626759,1.361276493295222,1.0263538461783155,5.047971864319601,1.6599944951483023,0.9119340908443572,0.5843895370439048,0.3497037757165123,1.7155238131955868,0.7646289465420445,0.35259113285423926,0.17812622903372052,0.0886087789890341,5.794491128674275,2.0413835788595858,1.1536098002686028,0.7384357568225,0.49031696119322515,1.701936255104641,0.8750142551894052,0.4771904180688267,0.28690600447369896,0.1751048599862555,1.100704253816738,0.3723077317369742,0.18253245634856327,0.10296867499649262,0.047660801607320266,2.631786452559245,1.6767761898119686,1.300765304124443,0.9559110459049386,0.7401250687191617,1.2007847848673965,0.8735465654088723,0.4173805856072202,0.2817916248865676,0.1870183942511219,0.36358602541730767,0.2575780149664985,0.1249931679130462,0.07950694699724518,0.03359426410492676,4.199783821320199,1.7127334707793789,1.3533706791818434,1.0090775634788987,0.6098113973197422
62,9.454281381920246,3.5827156447598254,2.4846234817410164,1.4584096681052505,0.9148647674278487,4.011474511978452,1.6222129089093695,0.9331156137836935,0.6047691637460058,0.3214594419438354,1.694671904342054,0.6664175951562417,0.3944661649869763,0.1983972590661286,0.08956401508854393,5.224191829802165,2.2466118186533857,1.0377813300337841,0.7078783468858396,0.5090739327001562,1.9246692676239405,0.9094644856912271,0.48798321254111293,0.29887105247145024,0.16824457209585167,1.1795184503981408,0.3455384277079597,0.20084547071254796,0.09366781074173378,0.04654801088769203,2.381086437104521,1.7048933074690598,1.282344551970837,0.860343272570389,0.7005013662078244,1.1291361726068565,0.7633147799910673,0.5251112684711017,0.3380239302931298,0.18339784564533373,0.4881549080032313,0.24144869211956904,0.14600191099827323,0.0730158780472001,0.038663615152865115,3.415965270838031,1.977969352772281,1.3966150336304461,1.0878529117313196,0.7260639314363009
63,12.004562367673001,3.7086778101702893,2.2285069216478903,1.4072641525725946,0.9846225208920377,4.015989738610998,1.5446506178487716,0.9506845370765336,0.5356334606630088,0.3767210543329288,1.9139630552844356,0.6687303833258127,0.3505043480064397,0.18542354409368153,0.09876540198762149,4.644571123301335,1.8439847569826353,1.138954500495973,0.8213832839818099,0.4679333083592963,2.079105041183436,0.9507582565793105,0.47420814379276977,0.30287949028162564,0.1787964860890546,0.8448426126953597,0.3557576645972822,0.1959950749631603,0.09736839650818399,0.04858505647220946,2.472452875655233,1.9363985763969729,1.3006138772918407,0.9406273806398845,0.6370274564536359,1.1586017162909705,0.7049936067903109,0.45169638073759294,0.2964254820798724,0.170548353104793,0.43516026793653845,0.2515671940242454,0.13702733357099744,0.07703376384184356,0.037366701138266414,2.781407642403127,1.9572330924636472,1.4891109897080115,0.9996924318188832,0.6901533354599362
64,7.30194903441273,3.3812035575208395,2.312972775668191,1.4350331294478789,0.9466941434851126,4.309563666151436,1.736749988236854,1.07860332906774,0.5141397564873454,0.32569849134562356,1.9140469241808553,0.7894148394809808,0.3411043426050632,0.1779765551095833,0.08955810113343614,3.8080157730312765,2.055876666559715,1.2642882076832924,0.7163706538651712,0.4724870742124032,2.1867149258015184,0.9233478009431348,0.4652906435896333,0.3012280434595703,0.192830831819742,1.0830611187009775,0.3874527658279462,0.21112684004095056,0.10849848729395066,0.047201890330073104,3.294291548023515,2.095199410068441,1.2310401019474608,0.8823470129492181,0.690359774619537,1.1818941757948769,0.8126893235375984,0.4278011205738452,0.30659709385649997,0.20743201785750293,0.46672320435306475,0.24817896088649627,0.15185577137542086,0.07822868714601519,0.04258212258814464,3.2126881819791846,2.0570686231722344,1.208412475914174,0.9676554585269157,0.6790985107616422
65,13.148373197831587,4.009982172648165,1.986642546574517,1.747147931965756,1.076534067214243,3.907911480281611,1.7085079776148262,1.0241504967095072,0.5128683593870557,0.3492187045023713,2.1141704866071973,0.7683463422749348,0.35137917091238097,0.17429858066030757,0.097815491535259,5.220370319448925,1.9011184731878528,1.198874899419411,0.7474840479032235,0.4951944144425247,1.7557186931182234,0.9007794698587565,0.47567544847715676,0.29747798174036616,0.17731574509608955,1.11282428892202,0.35989625239410855,0.18023767179004213,0.09938815437639262,0.054639015180086195,2.5461969320064712,1.814449677192067,1.3322246649630756,1.0075873738879102,0.6177322847076899,1.0473255716454846,0.6200655748673759,0.4788617015291552,0.2704248206154739,0.16725911743363286,0.4108952735393328,0.25569892628153246,0.14325349855473554,0.071568728311037,0.036708081479433455,2.9077407546884024,1.8731591469567008,1.1525436038726489,0.9906903417732266,0.6832581540576005
66,7.75142772544503,3.2430156777650643,2.489407501033303,1.4193986141370358,0.9372673822439189,4.051512952498356,1.9470802845829798,1.013479371876502,0.6093961023869499,0.29401069745701897,1.713060060972614,0.6959060192073995,0.3717332571449216,0.20432974115140348,0.09955030856741175,3.548943773307758,2.272709746754769,1.222009249399875,0.7527267365987266,0.4446186872544392,1.878166871743662,0.8964466347628693,0.5118565415601904,0.3356120292964423,0.17920693784829803,0.9231185107117245,0.3606169732667364,0.18025454341494246,0.09333676235216726,0.05187726023174626,3.1009554348879234,1.793379710653695,1.3861162832735883,0.9854631984237177,0.6396723514873719,1.281821256296399,0.6986665298199755,0.4439512891305687,0.29958954046941433,0.1954565869626966,0.44034173014252487,0.25860481995727236,0.13699030235410461,0.07110669745416048,0.04129781640800438,3.4855172680027993,1.8535398566863723,1.2566511570408583,1.034452682366099,0.692100001276171
67,6.209623057474253,4.548729269068025,2.286085521445144,1.692647750807254,0.9432236765296963,3.7025174287279787,1.7017258340429087,1.0616222172602992,0.5725616097025076,0.30521074491313616,2.1374671131151155,0.7726555179055498,0.3599625503678199,0.1735954679518001,0.08690833163484378,4.3730540728224545,1.9453129304046537,1.1849608976653199,0.7100423511825026,0.48934846214837086,1.9871888082310234,1.031862787886268,0.4748883645523987,0.28466883877385746,0.16930813397234157,1.0562537465871802,0.41897987014155985,0.19859495385687864,0.10297164668533919,0.046455244952726564,2.23676543201418,1.460044077496258,1.3073116290281932,0.992763501266083,0.5878722337612475,1.0935103407858935,0.8734180129368709,0.4195019928474151,0.31638652810392004,0.1866204051849678,0.38502085017710197,0.2352599186162999,0.1279585418976842,0.07537438690278479,0.04133146760781199,2.791604537252753,1.8905250155153719,1.358494473537812,0.9185122583543219,0.6212392073513145
68,5.884401325642012,4.1168461496407645,2.478170687535349,1.5035499860385086,1.0331758703531182,3.7732117268975105,2.0447724557014464,1.1263939552094007,0.5877687173907583,0.3172756822092977,1.8860374572556586,0.8100516420705325,0.36087395592108956,0.19696000345393389,0.08078308544584444,5.410547905490768,1.8297664252742702,1.1839542089149402,0.7432588915479709,0.48529402340648065,1.9731714094630637,0.9784627987736015,0.5214088030646722,0.28087243576044324,0.18313588770645378,1.044653902262087,0.38459461134001743,0.18916757176610702,0.09685343910293234,0.04877933363629672,3.115001407758243,1.7780881013103718,1.1830920808565804,0.8979620540507054,0.5812727118292277,1.2736726750880936,0.6350754862826159,0.42965604666463286,0.3145596192368816,0.18058929407169497,0.39826899085855716,0.25256857272201333,0.12957929275334296,0.06880084914691849,0.03814552802218785,3.4449633870857945,1.6020255070009068,1.4422057379933977,1.008925045832022,0.6809590395440182
69,8.030578684718025,4.491115310357877,2.6723830528080668,1.274648788109192,1.2307790369716747,3.932169939264426,1.4383318352349694,0.921459483025147,0.5899062060239436,0.3167698056308319,1.9295508877776484,0.7963438789700574,0.3064020725971035,0.16697446759753165,0.08754873488065848,3.96827578513206,1.727311208351591,1.2238899989430312,0.7747215859675057,0.4958565409548146,2.285904976576372,0.7960597522938632,0.5123798774561893,0.29463719639305525,0.17011805012864242,1.1291351680034711,0.36691508137393913,0.18501210570114343,0.10574890138324941,0.04925029523913658,2.835559778866771,2.1063597928259057,1.3811214421676212,0.9818966532292319,0.6411574586490754,1.0806902952397557,0.7297620931576257,0.49533194767341715,0.2803170501130492,0.200951342556325,0.39557743887147734,0.23750680801192411,0.13959664068871103,0.0742896068679071,0.04250472906633684,2.7540044216144417,1.7525811854374418,1.3374209362564495,0.938158189735845,0.7789612755510424
70,9.965471951179723,3.8103420000272674,2.5700672004594574,1.4527323726318229,0.9286617163061957,3.1466723524582423,1.9079062617296692,0.9886086492187015,0.5495336036736085,0.32622625676654493,2.0544601109917626,0.7084436952460488,0.4057521094913726,0.16800055811177586,0.09171390197569679,3.6584125991043837,1.9376789366225182,1.2307369312119527,0.741833485915498,0.488854089714402,2.1645320623327766,0.8765234752687728,0.46426159863755934,0.3086432593549378,0.17044621629717832,1.0523061245222791,0.3684732518378555,0.19167655814641368,0.0968028181818594,0.05451259007403255,2.6387003179461583,1.7070569377692861,1.3436004255019909,0.9076871700919457,0.592950705315971,1.2267648574619363,0.6362931867872552,0.4153419379261756,0.2651306176179884,0.2236530366851473,0.4469085682610795,0.25707745256702624,0.15376239374684808,0.06683872434388463,0.03606977744622591,3.113435125006865,1.697773231295759,1.3377846525443173,0.9482542058159015,0.7701524053960458
71,11.064357717340346,5.557932980338469,2.5110071679318406,1.4390550484242073,0.8302296854249565,3.9702968059741126,2.0447851911837174,0.8556905032012978,0.5392931090811304,0.3263411444804671,2.098158685808793,0.8570128175442706,0.3480868942768967,0.18289983066621276,0.09167676363710377,3.4749090591642586,2.0857628231447713,1.1810711572001327,0.6908893982553371,0.507859464825521,1.8580459477729376,0.8405911224407282,0.5223638043946394,0.3211030937153984,0.1842427097493345,1.087709351829622,0.4077494467659653,0.18575253161360514,0.10324376927066435,0.05002471170821909,3.082322392534765,1.6493152377276388,1.1350992063912684,0.8893967758969855,0.7215747534838559,1.199500605804631,0.6451389154647739,0.4979313703577033,0.2861136654992654,0.21198924048034123,0.47715530155644686,0.25623496796643935,0.1355459845701514,0.07499999362112635,0.03887172986789831,3.8363945240232167,1.9096446670154503,1.256449188744966,0.9713477754004383,0.6706725574013084
72,8.626031286533417,3.5679374327642224,1.9683039673921594,1.5452176989518371,1.066104476247429,3.336122421945407,1.732037986560023,0.8692723286042731,0.5232536822370129,0.37733794443908614,1.942966425714964,0.7025186311878284,0.34600172683758246,0.16870564106787828,0.0835535749275045,3.9325549087301845,1.83827878180392,1.2625083163564434,0.7406400004556207,0.5017570454367013,2.141431797407473,0.8551053153896659,0.5139967953107382,0.28873277707701783,0.1787813088773092,0.9902101880539405,0.43090560374537357,0.19028427747058077,0.1014194250409457,0.05427544809809476,2.509201590448156,1.828069224826253,1.324829198260174,0.9773065800749346,0.7502118311074412,1.152742847220881,0.687682995490616,0.3859433644354905,0.3079581194893596,0.18339728254467036,0.4224679215628866,0.24709032610882037,0.1462430771838846,0.07939907522451074,0.04260728690612258,2.8812936961080244,1.784275444626742,1.3529406432859874,1.0585171082867368,0.7181673372053902
73,7.252464065815407,4.785060973210005,2.2640383374731448,1.2616765417870703,0.9713553873343057,4.11409456734664,1.5300917599406318,0.9313582810746762,0.6452436547825202,0.3283034694018718,2.0221714095245646,0.6935677384112676,0.3385242414510394,0.17599848837314877,0.07213314119408547,5.12358018194787,1.8763495010828806,1.1842824804373924,0.7494663308592493,0.5033091459729573,2.2511750124221983,0.8527087762294987,0.4712841511318431,0.291759897228737,0.17226913365494598,0.9240103733990775,0.3802487646226363,0.18430290630506166,0.11077225281488608,0.04889026939674261,2.7275329945168103,1.7694415278742521,1.4443947639562051,0.8702468120956383,0.6230670871454305,1.1880894148932728,0.7095784902990636,0.41476418180043173,0.3167014363944917,0.20032298302698168,0.46211539646627864,0.2428482691345848,0.1561660074482462,0.07771925863592312,0.04118684981621136,2.973057741970066,1.6840351508882938,1.4333491147372508,0.918024028409552,0.7225886802442995
74,8.877961314455368,4.133156782045772,2.1577391711772465,1.3115173060240863,0.8341444605807545,4.3825021545598855,1.527978691888853,0.9520372633472367,0.5939793567442949,0.38182103918322874,1.7481607847615626,0.6903103137074496,0.3938046330217165,0.17226469714891385,0.07996449097004003,3.742142066814442,2.096637407818306,1.269951310470285,0.733769918754718,0.5184113374186026,1.9455969007552376,0.921212646165576,0.46746068471237356,0.2861590380205093,0.18504933992582406,0.8794696339005103,0.3763351243931353,0.18678039605330482,0.10703614659549159,0.05271489576155533,2.543861869416753,1.7922552378009489,1.1197313782458358,0.8400915840828288,0.730356625361211,1.2150463136065501,0.687540610584634,0.46853752135907967,0.31347637508268517,0.1771207294938012,0.4487414179752343,0.2424503948876615,0.14185597138830291,0.07575671809556449,0.04175185613086063,2.9153505278338625,1.8523269846423895,1.2430871949963584,0.9296551555985161,0.7576127114335502
75,8.056603554489968,3.1097668472608504,1.9888619838544157,1.4785751405693486,0.9400787412814198,3.649692794946336,1.8307801667504793,0.9545798380217313,0.6332055406377112,0.3533737889340227,1.8590151984083685,0.7171105030227071,0.3818532197585979,0.17898132472620581,0.08866708350108798,3.5198876351194626,1.897507644340558,1.1256827530316142,0.737294878123683,0.5119414265468495,2.081704488940495,0.8646742724294566,0.5002590634139575,0.31269233805628277,0.1767238861766652,0.9890013239930553,0.35026512233583995,0.19662695241819825,0.10616596061614839,0.0463479761031297,2.429519524547978,1.698552292989641,1.4504952443433392,1.006774509375456,0.6707651672073325,1.1646800211693613,0.6894501670670308,0.48178099957598336,0.2576310423711993,0.20734343724023235,0.47365720575777565,0.2303688978586094,0.13598526950832518,0.07445757192091926,0.03580854013047685,2.892644305666726,1.6862382680542094,1.341468277047487,1.0331125872871492,0.7200056112166506
76,6.750642303362145,3.8087249504192533,2.4061711568554016,1.3344227798480075,0.9192189997691327,4.428945371807544,2.149620955211708,1.0235218496459748,0.5463853713265717,0.3082757530318997,2.0268997998099922,0.8073629658355372,0.34862764628613163,0.17887830412294153,0.08900448208506649,3.816257467684926,1.9185986898713956,1.2562688789390066,0.8300842164050508,0.467491678484091,1.936468043004127,0.9286082791054362,0.48335832201604284,0.29228385125355894,0.18474065044878396,1.1874278861307095,0.3746489712898137,0.19036361059031096,0.0938643837731734,0.051313284134569426,2.6928148316212392,1.6553681097061412,1.4133500320406758,0.9245874989018917,0.5950288408132817,1.2552756654179789,0.6503068025340746,0.43021521498993587,0.2858746234279255,0.1781512540796821,0.4169347177031799,0.24294523160792977,0.13766062098383708,0.07157724181146118,0.03622710678901998,4.012811066047591,1.8386344363138603,1.4024920543797539,0.9548357036879037,0.6773798889462187
77,9.881026126544192,4.019724600251096,2.3447989429167624,1.6245919680213228,0.9305477895568355,3.542794109567912,2.1170921815465125,1.0092847812046293,0.6188378654765954,0.3302603072500194,2.0409276103948737,0.775354051350874,0.3539372250860256,0.19387699970373143,0.08156481524561048,4.400877003761164,2.047183820416497,1.3235148418060476,0.744974359304495,0.47813806921072705,2.1943736354437724,0.8057323279705887,0.4878179888081548,0.30607614825459967,0.17788942106856204,1.0173416012862284,0.368553045965254,0.18532878281832363,0.09818301438872828,0.05096150398107629,2.6252437785049927,1.9242948966275504,1.3034412942809455,0.8480890607157218,0.5780189147205969,0.9133961656762023,0.7474170511564215,0.5170502473619767,0.26684738108621125,0.1892162511007689,0.43723507011529134,0.27426798176299405,0.15829799131770278,0.07445237255565046,0.0410020627703205,3.171626219064322,1.9609847033631247,1.3278100815570306,0.8719164423422003,0.7245579350584385
78,9.707343628329067,4.72382399142498,2.800635611740124,1.4861963044736588,1.0013506275671162,4.174167882041504,1.9377765501137825,0.8922987123387661,0.5806505207992109,0.29128877019135613,1.9697162075172163,0.6609029004476258,0.35478861866118816,0.18143706637793452,0.08371932807451929,3.5768319553104337,2.0629770080455794,1.1625540647502806,0.841611153302299,0.4903975770667472,2.192017105016252,0.920135729259838,0.4854228121945834,0.30429810255727835,0.17859016635043787,1.0126986785504013,0.39155673030511906,0.19067626451296407,0.09644596495389188,0.0497804730242911,2.364417662942661,1.8294853374676592,1.327108555045524,0.999818953724084,0.6827002224174995,1.2780583270754147,0.7207329098030799,0.48399733074293316,0.3266422132274015,0.18535335585087165,0.4842676796398098,0.24094218453150865,0.14865264611798343,0.06634795118292137,0.04099285202163057,2.853363384811567,1.837914947550388,1.4168025649232416,0.959332029739732,0.7284170692999092
79,6.4091842300116735,3.837723084424521,2.2893803341356587,1.6576666233849355,1.0266640808465293,3.763248864989599,1.802078836917848,0.8444552836555876,0.564796825974164,0.3114509458453371,2.615729849301062,0.7846995744751121,0.3820120867463927,0.16254409599898287,0.08483579862175986,4.025787500321386,1.9410780513925556,1.117902052347746,0.7491270808429072,0.5129878575544137,2.0890149505056645,0.8207751269287133,0.5374328957516017,0.2968579664718612,0.16709632688732265,1.031861129228134,0.4254124947675215,0.1863156538051364,0.10535723493817284,0.048398624805310354,3.0721209061276493,1.8928311139853347,1.2642395731482332,0.96853136149599,0.6186251781853301,0.9613443630596579,0.7471226193173491,0.4579924291572786,0.32189236102326707,0.1830536837125275,0.44080288303701237,0.26400351432412583,0.15402463314544015,0.08299196282660455,0.03810452822512215,3.3779838040421364,1.9132073998329753,1.3093452194678765,0.965589693805294,0.702904473319369
80,8.492778129682767,3.9159124142222743,2.293036854959147,1.6482112062306329,1.1628766703220939,4.149832795779382,1.7297605226248607,1.0404916739358148,0.6154523979122707,0.3325080950613018,1.7701294048225038,0.872655551539489,0.3515525624598877,0.1771114534376968,0.08402292265737071,4.785602173685186,2.020485644357918,1.1874243691864779,0.7545328819982352,0.5113227029771032,2.194109742126873,0.8842753335566857,0.46221579003755914,0.30884645486868206,0.18054566692195068,0.9856362384850388,0.39961183984898013,0.2077364302627333,0.09857214058366971,0.04988701466998796,2.8013136017336584,1.9407889752816347,1.2127171818513105,0.8685469186137401,0.6134021086930419,1.2345586668346253,0.6646828853063533,0.449853973799035,0.31784454591112343,0.20005638502972226,0.42283388355476714,0.285783310479164,0.1428097877392839,0.080190964096441,0.04239449814169502,3.34481220607183,1.7742601145171923,1.265860454042775,0.9788936320560322,0.6549854177499705
81,6.5193358548827085,3.5436288529179722,2.6387601008018096,1.5219053732528605,1.2331986745048562,5.027445175502117,1.9536592932337014,0.9720807328256978,0.6251263586827834,0.3541476375955282,1.7539959854366303,0.6377587743580508,0.33766380221552184,0.1928245999157383,0.08272069250056985,4.636724522253184,2.8316643965209205,1.2900443143445215,0.7137961368905689,0.5112630102852169,1.9774064978385792,0.9553951381311259,0.520919564036178,0.2792449485352278,0.1789538376142862,1.022483801921438,0.3701389910554828,0.19797128866710312,0.09534648570694018,0.048671672694758854,2.6818347851819646,1.694404932300078,1.2365359628624375,0.8779940635899298,0.7061738064508478,1.041991816469082,0.6716291923909007,0.4600441265542771,0.30016596089208736,0.17972706336378633,0.5063681857758303,0.24237232828021346,0.14256818342295627,0.0725762657380687,0.036618631448104184,4.046982154984615,2.0739133530982556,1.4252289267084053,1.012658297076136,0.6650197853401542
82,9.247393577484031,4.438500753634678,2.369858215945944,1.3263738670048237,1.0769537855468618,4.242047087654716,1.6546347859259138,1.0521793536060138,0.5928437406494844,0.29679050155876213,2.044151661766083,0.6635026388367842,0.3952480829201995,0.1869662148937561,0.08618516390248879,4.280002912662671,1.8074912147767626,1.1015463661044567,0.7681821549569011,0.4407563667559243,2.182885655531647,0.8948374335978261,0.5407447593853953,0.3043752815623477,0.1742231426505608,0.9502037189598764,0.3659573872131671,0.21388652617623657,0.10481008368118747,0.052219805217571004,2.4621522783667187,1.768991597206087,1.1945305244773967,0.9491997220743176,0.6099890724451938,1.035366409371912,0.6808766885495783,0.43078883969604337,0.3138180289933491,0.19038405107131204,0.43290353294177253,0.2590829863996036,0.1464146609688315,0.07861659573488984,0.035683540026588155,3.606179383484992,1.816537974036114,1.3442169884729012,0.9868037155732287,0.6770853716491053
83,7.171217268708456,3.6763534931187984,2.6787891745237746,1.7654408273185118,0.9701501297208339,4.314200895269944,1.5087072427979613,0.9248928314931874,0.5880926233656719,0.3339376599631431,1.912486408868235,0.8129548710549462,0.36952081131814873,0.2056061186770562,0.0849017232936383,5.152581697352182,2.2398320423453733,1.3130123915376337,0.7159733340689967,0.4762651080146914,1.8433546873214952,0.9577847912528622,0.47899817262064415,0.2786062921582344,0.19992368452583395,0.9318215441353286,0.40590609539856953,0.18375810512178686,0.10411114009347745,0.04946074616903343,2.8394309977174648,1.7824694611398286,1.2344089471132302,0.8734695941290328,0.7819187973866412,0.9999960752855256,0.6636057354118228,0.42416562906499417,0.31992379792435294,0.18501090686279334,0.46021097874524197,0.23068502924131026,0.148105750525235,0.06587318078872435,0.03446012926499776,3.611901330964372,1.9540232641318696,1.277386547737838,0.959279260605981,0.7509085838334799
84,9.042358477286534,3.862432820965491,2.5013028104076693,1.260744134273972,0.9761653169356145,3.0678006375151154,1.8388685694063878,0.8322592593268373,0.5651952396181181,0.31613666060754353,2.3227891487733374,0.6156192430420484,0.336418923137139,0.17180870331621523,0.08060386991684641,4.8454088117706045,2.0441313560700123,1.1342535289523772,0.8389142980340616,0.5272082772826354,1.9721632006475596,0.7819281442636031,0.5542428155332247,0.2817690559784456,0.174122545890023,0.9910491789231166,0.3913266418254948,0.1974772395803372,0.09673243062973393,0.041884888093089566,2.5615099324566906,1.6417492513463867,1.490786238778748,0.8521610227088817,0.6363580974947552,1.1902074755007126,0.7126525607730764,0.426148287906059,0.3437776250600692,0.15031224783007127,0.42881267167898246,0.22301466706224693,0.13528799565934102,0.07603374131874789,0.040534192941473694,3.0837336223606737,1.7719394388649303,1.2043399520393643,0.9873253860092596,0.6876930810585777
85,7.567383068918585,4.3049960004560734,2.141488080895483,1.3049802861946012,1.1299569691257765,4.853244447694859,1.9238345876002982,0.9820661595378982,0.5615880352245518,0.3111088932511161,2.001468902629305,0.7083584810933253,0.3467533282190295,0.18509145158106852,0.08221251455331507,5.852438272519334,1.8772078424533165,1.1934575144666013,0.6961512185551262,0.48680841404681774,2.2999828540790954,1.0472191606653296,0.488890056498567,0.26718899221888737,0.18204727751590166,0.9355558180220863,0.39453861670258517,0.20010240151316863,0.09993864942000608,0.05021585432987894,3.4738457459525987,2.1302127607225763,1.4724363769564097,0.9134345747191378,0.6437376849526824,1.0772792204973494,0.7206682297422626,0.36898437410405455,0.299731730130801,0.17748057791570276,0.44015785674222446,0.22307996640353922,0.13325245930781526,0.0739793897823315,0.041070697557489634,2.958946251934314,1.9168637869395666,1.3364277594517788,0.9987004520295801,0.6724350481530573
86,8.376251785247637,4.723536744713584,2.2550805968228964,1.4308104919548508,0.8850822264200621,4.414479634970482,1.5787466958381027,1.0045122382298899,0.5564076660629578,0.3029343016024229,1.8253007970723614,0.6573349870862657,0.3104522303446622,0.19062549062666506,0.09781936054928572,4.174016243888523,1.9743057469647622,1.0815355850552208,0.664203239447359,0.48672483228081653,2.186535498316677,0.944300082670471,0.5153940019291009,0.30581905188099584,0.17446028467262306,0.903831849856748,0.4072245613629615,0.19453908538497447,0.1030713162915713,0.054719668799380464,2.719020879772978,1.7724802274800053,1.310416869073625,1.0110537348265511,0.5960189389551889,1.0729463045759364,0.6417840980483906,0.428451894044212,0.26139023529036115,0.20086832666045715,0.4524883480324414,0.21679021082876251,0.14991239185786687,0.07589173332532073,0.03581094384329828,2.955750504451292,1.834984616776362,1.2874693505252421,0.9615715307304652,0.7755276311096633
87,8.37302799299898,4.2926925727541425,2.3991803110356735,1.2758541976743658,1.1213383938412755,5.5836727529836,1.7191444122567041,0.9636264564884189,0.5377329716204301,0.3157588353449761,2.0311138506079063,0.7831000875418986,0.3595081222880388,0.17903791883456094,0.07586874110689996,4.153039910598746,2.093319955607304,1.14074928992057,0.8235875353347814,0.517504616433959,2.1716718520479334,0.9243086213665187,0.5116327141567399,0.28209609298177984,0.17398980710763667,0.9629279501004828,0.36985502423123606,0.18965940985444152,0.09686527178958422,0.05186839693837406,2.417389068923601,1.6413463406136992,1.4844650480359187,0.9323948440370874,0.6572358708241504,1.2011980861513527,0.7338355275236876,0.5007025224676186,0.2993781630480214,0.18822601809402736,0.37386405788435256,0.2712709212361381,0.15064444029098345,0.0767760231937438,0.04114631149131624,3.4610816077832696,1.7340479462028338,1.2815166503868554,0.995485363760413,0.6719014125942586
88,7.637415727238526,4.275602768235113,2.462612861389157,1.3900449358106135,1.003488723226789,4.559050203133316,2.0844604939099134,0.9406318191410973,0.5812114958864656,0.3228946683957143,2.924753258803452,0.6901849281545674,0.39311538505510246,0.1715922006969275,0.08761365956053557,5.340722204459809,2.018185903939644,1.132883682291004,0.8329114411892364,0.49167020440184683,2.0496581766391895,0.9703452421132989,0.5095988224534306,0.2848202891155134,0.1691362862661253,0.8946832712623468,0.3866472607939583,0.18228571825074705,0.0991964178907091,0.05079608469700461,2.8019753868832282,1.6849407042467062,1.1721378419851225,1.066600194936268,0.629689295977975,1.0313145650404203,0.6608545876876558,0.4933252213507152,0.31000401965099394,0.18611904564389814,0.5108791191563501,0.2508797577498043,0.14210675040772322,0.0696665280101465,0.03592969913332372,2.980322490812575,1.6517677202735308,1.2564950381769469,1.0010093614176259,0.6786870808865758
89,6.842260517335933,3.8297125386590443,2.3757296490333326,1.193511250966894,0.9445918953811977,3.5981087112408625,1.8544025766521157,0.9370056856227598,0.5878223580502735,0.34145622402930853,1.9683538426740053,0.6828771151324556,0.29657678255041675,0.17210698251942402,0.08490939080350882,4.330885622712054,1.9034031916863385,1.1220065896488547,0.6764688429664305,0.4955202517396178,2.1846133739627613,0.8764459149228734,0.44343791603368465,0.2854615984166513,0.1883552217806151,0.9559855777251475,0.40131748021376473,0.19476432811264716,0.10225406940120955,0.046417816674163205,2.4609668662839157,1.8195221162549635,1.1273370899134754,0.911503787108928,0.7282233832445166,1.2540102089440184,0.6982510813496637,0.5093883675463848,0.30604257209633595,0.18430293326806751,0.43700185255303514,0.2574890639800254,0.14759316946158568,0.07247795015298446,0.04313152705714595,3.720627778491269,1.9961609349508076,1.3448132217431956,0.9376431507693349,0.7756187458385267
90,8.953400199199823,3.4517616183172892,2.4066453665466714,1.4917789635477854,0.9698550411473009,4.396555212863575,1.7445061479140385,1.1334437125990675,0.5037138637513775,0.3170984928021122,2.236680712349627,0.7284137534123288,0.35048122030166384,0.19567340938234207,0.08136548186496306,4.270587256974843,1.865497533320134,1.2259228186011564,0.7500777495420784,0.5216828159055,1.9939684259106332,0.88652873031825,0.47592430063329855,0.27714846030089174,0.16851608539304516,0.9244958925325069,0.3761451814161169,0.18868379775320324,0.09696642075494426,0.04937725679999111,2.528226774629394,1.7398550493248415,1.3558312465189344,0.9247972795005143,0.6139804966080106,1.102501389037968,0.7613004836579519,0.4776111079662128,0.3197070215386723,0.2006092145438171,0.4194170541354411,0.25326280184762223,0.1483613299879205,0.07759770665107885,0.037599954874241066,3.9111070098044296,1.8664528354209757,1.214283164196477,0.9897476242894718,0.7081110856053073
91,10.773135508992821,3.272052082861376,2.5126285992373107,1.638705529674821,0.980520548501319,4.499873874267652,1.8675171634415377,0.9458298446525825,0.6229154327700303,0.3332638033904573,1.85851696003376,0.7916386075476531,0.35083582760227516,0.18186576346335043,0.08717790719412946,3.8467479739312553,2.407480381162245,1.1151659678060426,0.7716315569826724,0.49502878638743164,2.490978704112028,0.8794033074738131,0.5137514988468064,0.28634220655661075,0.18057105927784475,1.010891760268029,0.3674767676633408,0.18630092121616387,0.09661948519980604,0.05020931928377541,3.0245806314426638,1.933492222658399,1.3280900772772188,0.961932696750655,0.639602328960186,1.0915721676137422,0.7144130055756384,0.4412643132430274,0.2919715412754169,0.18262464088366115,0.40990629823828995,0.26196681091597845,0.12686838134640213,0.08062520189261707,0.038994465465408606,2.5071899135798144,1.7780167311349746,1.349107241874523,0.941379707943161,0.6984185804744516
92,7.811050388118399,4.792228201170926,2.2044928705549407,1.567862202072441,1.053132967101308,3.5409144277702405,1.6926802575468514,1.1027753877789088,0.594690023099703,0.3369182505647554,1.9448383894452017,0.7744466735710502,0.36133232356005646,0.19044572638426982,0.08846897108723921,4.155169694468413,2.1797070566247667,1.1355536317684496,0.743300999644148,0.45676311633343153,2.763957884086,0.8596012046746623,0.4763660595687125,0.2912222386386275,0.1869853765692709,0.9646197115313203,0.35988073094385026,0.19508645929613855,0.09079838740032013,0.045843077910679236,2.583617905029215,1.917399956198324,1.4262424815921133,0.9713550752079563,0.6223344413470515,1.034411021780493,0.709783369899851,0.5244508266876866,0.28045279425449315,0.2005729570784703,0.4009257013669074,0.2431959792030426,0.13753403897103622,0.0717248466677667,0.0487479307931478,3.59294446190343,1.9381345055413284,1.245053460319713,0.8968280194111912,0.7735403093108196
93,7.671311858398441,3.409071477143432,2.218826698971797,1.4288936606769052,0.9487093514897337,6.129322103869202,2.08248272900075,1.0641751155569867,0.5558403892183869,0.28729543847823896,2.1526271020714645,0.7579922796824645,0.3640785556233734,0.17600794491953786,0.09015377505441707,3.766409288592826,2.124764031008202,1.1529029777210038,0.8001143555758626,0.5100644759724808,2.3043768562049234,0.8754620533422807,0.46365354462802844,0.3238959396885477,0.17451321845991213,0.9692471203668082,0.3835224195568835,0.18764960111899184,0.09644433275746356,0.045355277490541863,2.5046490720999186,1.674578888815769,1.1495636036347177,0.890261591244001,0.5918617433374618,1.1305408811316975,0.7449408887192378,0.42771937376030494,0.29499054164536503,0.18349559988839326,0.4238510887933971,0.2489685554302167,0.13064472522305695,0.08091196998215826,0.037777173001448575,3.2516412805688213,1.9645234601297958,1.3061622975459826,0.9200496824724328,0.6760350770469233
94,7.039651065754392,3.817263938986608,2.4614178105364446,1.525297985349364,1.027905383950371,3.533311446421881,1.6938551332622975,1.031724561246874,0.5823610665496213,0.3439617121167155,1.7105299674735122,0.719158968748474,0.34354083571434835,0.1955418741143869,0.09080380230544555,3.844954325356983,1.912842427943733,1.1096702414024038,0.7415839660419431,0.5302870599127757,2.1011879390134776,0.8510540717869005,0.520532291625785,0.29024349266104876,0.16850064084457303,0.916797458608148,0.3866349486373233,0.190631792928097,0.09693994187399688,0.0495863706236667,2.5665941628848628,1.6755602232011952,1.3076708460678554,0.8769707430463597,0.5886621431917569,1.0431759002524534,0.6462922226498664,0.4168496438641554,0.2894521715230417,0.19226633549785313,0.45759667694442624,0.2628794783331248,0.13015042171754113,0.08464315835727401,0.03966360441410206,3.3117114587255805,1.7686779412569533,1.329796731274233,0.9288141257265662,0.7079071252218857
95,10.95553516334598,3.6931879862635433,2.3132916710970974,1.3427046962092541,0.922560960977043,4.389948268144339,1.9550403237074925,0.9356945688466843,0.6505205553892863,0.37523730150435747,1.7084760932160772,0.6869854725249536,0.3656972332004782,0.20246805528148498,0.09635823248041771,5.2151364974788414,2.0191467413054336,1.1853105004628102,0.7380791436583312,0.49379598235236627,2.1617435183195446,0.9889219562935488,0.5097780359454933,0.2889778256781056,0.1782352893151709,1.038947552403022,0.3693838890895092,0.17581641400838943,0.0961117441373463,0.04908808851579238,2.3349247432457148,1.7115014866501657,1.1643689204069991,1.0210087401177195,0.6750303474118896,1.0597695124058935,0.7303734501496966,0.4498548041192196,0.3178100746378128,0.18588848037353697,0.4390515896528277,0.2395318415360664,0.12017096091954636,0.0766231677418823,0.04251644735972977,3.356020573630762,1.8020366199117506,1.34476177452165,0.9843686770577535,0.7158958043237391
96,10.390820422985222,3.4978725006350544,2.5265678870563515,1.502313032147448,1.0432869461270038,4.173871302859853,1.8121941528562755,0.9944108331632423,0.5576964341986006,0.32445415349595885,2.1462583494656653,0.7759797377844878,0.3417552538375699,0.19770725067494221,0.08596971041169857,4.4350440609732935,1.8096347284770318,1.2105187982083192,0.674561413514946,0.5260569523929329,2.1988875539084205,0.8916250351736777,0.4850850759022296,0.29271757222729955,0.17121398312377095,0.9618374079687957,0.4213263738840916,0.18745866916264858,0.0937795352913988,0.047971977602918,2.353112120810814,1.8543556599117748,1.1558189788087376,0.9668359490978053,0.5888978819929293,1.0869517554576749,0.6900035164702382,0.4461467649045329,0.2642721094874838,0.19008678077438748,0.3803939831986825,0.2342018820193345,0.12716915275856047,0.08605406500625569,0.03780789362473684,2.6624530348856554,2.485178733071143,1.2341401531649643,0.9177528279712198,0.6921148262463607
97,6.510691032804067,5.094848499104133,2.0535131152562367,1.4295202882015854,0.8500017062385465,3.4318812463380106,1.8928334279645793,0.9705129994285138,0.5844882046830462,0.3237853902018512,1.9022417959407998,0.7510866520742485,0.362516248886388,0.18501045274309133,0.07953782877432915,3.43532858825868,1.7809092655884007,1.129857861293253,0.6945147730726237,0.4748866753259227,2.4068821085082215,0.9341565772844784,0.506491772905007,0.27695008130846266,0.18668160810534093,0.9298803773281904,0.38796964882450896,0.18365587750348447,0.10096966495761579,0.04666142532636681,3.012916207924619,1.6672518880747342,1.3434750745999091,0.8903507311539796,0.7509040636346975,1.1350899867643829,0.6955813012989482,0.4296636716087279,0.32725181345851806,0.20701690859109953,0.37665914544932366,0.274985875310288,0.14235996269848702,0.08750209344349485,0.03173244303978094,3.7654562733205728,1.8591831029964538,1.4216080633139425,0.8852858655417398,0.6939911633057916
98,9.562738191179612,3.411143039319211,2.143440213317732,1.4776808838808826,1.062012956149321,3.6046133522871786,1.85619863689703,0.9458010581113103,0.6103441068756903,0.31212190826907743,1.6339696958893795,0.6775742425135654,0.3153610307938864,0.17271244006646483,0.08243433478049268,4.173651217070555,1.810255903502037,1.156708595926611,0.724272196949824,0.4871780937760665,2.202688206252005,0.911799475595374,0.47851650646352595,0.28369773674672505,0.19051295441514093,1.021725055832671,0.39352815836756255,0.20347025836066074,0.09911571140912465,0.05075565220417434,2.5295602560087387,1.7331393107394804,1.2077987727653914,0.8746993307231856,0.6162316948767838,1.120822265232644,0.6893316341043183,0.47393578521094387,0.304390710584511,0.192665531033501,0.466728178888322,0.24828581529961363,0.15442319739830834,0.06623279171486283,0.038756934021003726,2.7893366884432864,1.7075531680234481,1.2243029070869509,0.9505925838886238,0.6991973563221412
99,8.675759448036343,4.328058622859253,2.4155816485799346,1.382983417016738,1.0213829633512084,4.12486832146163,1.8007429534978827,1.025812217267922,0.5253147162863857,0.31941108223636816,1.547751998312975,0.7088284192556676,0.365773491829122,0.18849566705117313,0.09218585803638984,5.912379446697171,1.9129507515381952,1.2327090486422059,0.7037204675216021,0.5192876024203134,1.8647407496357338,0.9049247126273554,0.4809895765436804,0.27166018360274824,0.16879664602484076,1.0025399471712408,0.38352280297227526,0.17987224983466665,0.09583297900546717,0.04860839922872037,2.3430801191949815,2.075028014244262,1.1873778263810701,0.8626160135982839,0.6931704222460278,1.1045321212818076,0.7989449911582382,0.47445040156763324,0.3617668729608658,0.18595079278647364,0.4561298562218993,0.24525304790474334,0.13862721072023285,0.06835760388585516,0.035936990882984805,2.6868050960309398,1.8406374608213423,1.3336013087366076,0.9202224664154707,0.7284141595934678
